solver_id,solver_label,map,scen,agents,seed,timeout,status,wallclock_s,solver_time_s,soc,makespan,sum_of_loss,soc_lb,makespan_lb,soc_ratio,exit_code,error,run_dir,first_soc,first_time_s,solver_stats
lg_lacam_fork:lacam,"LaCAM (no guidance, first solution)",empty-32-32,empty-32-32-random-1,50,0,30.0,solved,0.026783,0.006,1182,43,1015,961,43,1.229969,0,,/home/carsten/Projects/MAPF/MAPF Evaluator/results/tlg-empty32/runs/lg_lacam_fork_lacam/empty-32-32/empty-32-32-random-1_a50_s0_r0,1182,0.006,"{""agents"": ""50"", ""comp_time"": ""6"", ""makespan"": ""43"", ""makespan_lb"": ""43"", ""map_file"": ""empty-32-32.map"", ""seed"": ""0"", ""soc"": ""1182"", ""soc_lb"": ""961"", ""solved"": ""1"", ""solver"": ""planner"", ""sum_of_loss"": ""1036"", ""sum_of_loss_lb"": ""961""}"
lg_lacam_fork:lacam,"LaCAM (no guidance, first solution)",empty-32-32,empty-32-32-random-1,50,1,30.0,solved,0.030151,0.01,1170,43,1019,961,43,1.217482,0,,/home/carsten/Projects/MAPF/MAPF Evaluator/results/tlg-empty32/runs/lg_lacam_fork_lacam/empty-32-32/empty-32-32-random-1_a50_s1_r0,1170,0.01,"{""agents"": ""50"", ""comp_time"": ""10"", ""makespan"": ""43"", ""makespan_lb"": ""43"", ""map_file"": ""empty-32-32.map"", ""seed"": ""1"", ""soc"": ""1170"", ""soc_lb"": ""961"", ""solved"": ""1"", ""solver"": ""planner"", ""sum_of_loss"": ""1038"", ""sum_of_loss_lb"": ""961""}"
lg_lacam_fork:lacam_noswap,"LaCAM (no guidance, no PIBT swap)",empty-32-32,empty-32-32-random-1,50,0,30.0,solved,0.017376,0.006,1182,43,1015,961,43,1.229969,0,,/home/carsten/Projects/MAPF/MAPF Evaluator/results/tlg-empty32/runs/lg_lacam_fork_lacam_noswap/empty-32-32/empty-32-32-random-1_a50_s0_r0,1182,0.006,"{""agents"": ""50"", ""comp_time"": ""6"", ""makespan"": ""43"", ""makespan_lb"": ""43"", ""map_file"": ""empty-32-32.map"", ""seed"": ""0"", ""soc"": ""1182"", ""soc_lb"": ""961"", ""solved"": ""1"", ""solver"": ""planner"", ""sum_of_loss"": ""1036"", ""sum_of_loss_lb"": ""961""}"
lg_lacam_fork:lacam_noswap,"LaCAM (no guidance, no PIBT swap)",empty-32-32,empty-32-32-random-1,50,1,30.0,solved,0.028864,0.007,1170,43,1019,961,43,1.217482,0,,/home/carsten/Projects/MAPF/MAPF Evaluator/results/tlg-empty32/runs/lg_lacam_fork_lacam_noswap/empty-32-32/empty-32-32-random-1_a50_s1_r0,1170,0.007,"{""agents"": ""50"", ""comp_time"": ""7"", ""makespan"": ""43"", ""makespan_lb"": ""43"", ""map_file"": ""empty-32-32.map"", ""seed"": ""1"", ""soc"": ""1170"", ""soc_lb"": ""961"", ""solved"": ""1"", ""solver"": ""planner"", ""sum_of_loss"": ""1038"", ""sum_of_loss_lb"": ""961""}"
lg_lacam_fork:suo,LaCAM3 = SUO (first solution),empty-32-32,empty-32-32-random-1,50,0,30.0,solved,0.027993,0.009,969,43,969,961,43,1.008325,0,,/home/carsten/Projects/MAPF/MAPF Evaluator/results/tlg-empty32/runs/lg_lacam_fork_suo/empty-32-32/empty-32-32-random-1_a50_s0_r0,969,0.009,"{""agents"": ""50"", ""comp_time"": ""9"", ""makespan"": ""43"", ""makespan_lb"": ""43"", ""map_file"": ""empty-32-32.map"", ""seed"": ""0"", ""soc"": ""969"", ""soc_lb"": ""961"", ""solved"": ""1"", ""solver"": ""planner"", ""sum_of_loss"": ""969"", ""sum_of_loss_lb"": ""961""}"
lg_lacam_fork:suo,LaCAM3 = SUO (first solution),empty-32-32,empty-32-32-random-1,50,1,30.0,solved,0.02695,0.009,971,43,971,961,43,1.010406,0,,/home/carsten/Projects/MAPF/MAPF Evaluator/results/tlg-empty32/runs/lg_lacam_fork_suo/empty-32-32/empty-32-32-random-1_a50_s1_r0,971,0.009,"{""agents"": ""50"", ""comp_time"": ""9"", ""makespan"": ""43"", ""makespan_lb"": ""43"", ""map_file"": ""empty-32-32.map"", ""seed"": ""1"", ""soc"": ""971"", ""soc_lb"": ""961"", ""solved"": ""1"", ""solver"": ""planner"", ""sum_of_loss"": ""971"", ""sum_of_loss_lb"": ""961""}"
lg_lacam_fork:lg,"LG-LaCAM (window 20, first solution)",empty-32-32,empty-32-32-random-1,50,0,30.0,solved,0.024796,0.011,966,43,966,961,43,1.005203,0,,/home/carsten/Projects/MAPF/MAPF Evaluator/results/tlg-empty32/runs/lg_lacam_fork_lg/empty-32-32/empty-32-32-random-1_a50_s0_r0,966,0.011,"{""agents"": ""50"", ""comp_time"": ""11"", ""makespan"": ""43"", ""makespan_lb"": ""43"", ""map_file"": ""empty-32-32.map"", ""seed"": ""0"", ""soc"": ""966"", ""soc_lb"": ""961"", ""solved"": ""1"", ""solver"": ""planner"", ""sum_of_loss"": ""966"", ""sum_of_loss_lb"": ""961""}"
lg_lacam_fork:lg,"LG-LaCAM (window 20, first solution)",empty-32-32,empty-32-32-random-1,50,1,30.0,solved,0.041674,0.014,970,43,970,961,43,1.009365,0,,/home/carsten/Projects/MAPF/MAPF Evaluator/results/tlg-empty32/runs/lg_lacam_fork_lg/empty-32-32/empty-32-32-random-1_a50_s1_r0,970,0.014,"{""agents"": ""50"", ""comp_time"": ""14"", ""makespan"": ""43"", ""makespan_lb"": ""43"", ""map_file"": ""empty-32-32.map"", ""seed"": ""1"", ""soc"": ""970"", ""soc_lb"": ""961"", ""solved"": ""1"", ""solver"": ""planner"", ""sum_of_loss"": ""970"", ""sum_of_loss_lb"": ""961""}"
traffic_load_lacam:vanilla,py-LaCAM (vanilla),empty-32-32,empty-32-32-random-1,50,1,30.0,solved,0.223856,,1213,45,1030,961,43,1.262227,0,,/home/carsten/Projects/MAPF/MAPF Evaluator/results/tlg-empty32/runs/traffic_load_lacam_vanilla/empty-32-32/empty-32-32-random-1_a50_s1_r0,,,
traffic_load_lacam:vanilla,py-LaCAM (vanilla),empty-32-32,empty-32-32-random-1,50,0,30.0,solved,0.374019,,1172,43,1060,961,43,1.219563,0,,/home/carsten/Projects/MAPF/MAPF Evaluator/results/tlg-empty32/runs/traffic_load_lacam_vanilla/empty-32-32/empty-32-32-random-1_a50_s0_r0,,,
traffic_load_lacam:tb_step,"py-LaCAM + load (tiebreak, per step)",empty-32-32,empty-32-32-random-1,50,0,30.0,solved,0.640231,,1118,43,986,961,43,1.163371,0,,/home/carsten/Projects/MAPF/MAPF Evaluator/results/tlg-empty32/runs/traffic_load_lacam_tb_step/empty-32-32/empty-32-32-random-1_a50_s0_r0,,,
traffic_load_lacam:tb_step,"py-LaCAM + load (tiebreak, per step)",empty-32-32,empty-32-32-random-1,50,1,30.0,solved,0.522542,,1118,43,986,961,43,1.163371,0,,/home/carsten/Projects/MAPF/MAPF Evaluator/results/tlg-empty32/runs/traffic_load_lacam_tb_step/empty-32-32/empty-32-32-random-1_a50_s1_r0,,,
traffic_load_lacam:pen01_step,"py-LaCAM + load (penalty 0.1, per step)",empty-32-32,empty-32-32-random-1,50,0,30.0,solved,0.64988,,1118,43,986,961,43,1.163371,0,,/home/carsten/Projects/MAPF/MAPF Evaluator/results/tlg-empty32/runs/traffic_load_lacam_pen01_step/empty-32-32/empty-32-32-random-1_a50_s0_r0,,,
traffic_load_lacam:pen01_step,"py-LaCAM + load (penalty 0.1, per step)",empty-32-32,empty-32-32-random-1,50,1,30.0,solved,0.646061,,1118,43,986,961,43,1.163371,0,,/home/carsten/Projects/MAPF/MAPF Evaluator/results/tlg-empty32/runs/traffic_load_lacam_pen01_step/empty-32-32/empty-32-32-random-1_a50_s1_r0,,,
lg_lacam_fork:lacam,"LaCAM (no guidance, first solution)",empty-32-32,empty-32-32-random-1,100,0,30.0,solved,0.03601,0.02,2759,48,2367,2128,48,1.296523,0,,/home/carsten/Projects/MAPF/MAPF Evaluator/results/tlg-empty32/runs/lg_lacam_fork_lacam/empty-32-32/empty-32-32-random-1_a100_s0_r0,2759,0.02,"{""agents"": ""100"", ""comp_time"": ""20"", ""makespan"": ""48"", ""makespan_lb"": ""48"", ""map_file"": ""empty-32-32.map"", ""seed"": ""0"", ""soc"": ""2759"", ""soc_lb"": ""2128"", ""solved"": ""1"", ""solver"": ""planner"", ""sum_of_loss"": ""2424"", ""sum_of_loss_lb"": ""2128""}"
lg_lacam_fork:lacam,"LaCAM (no guidance, first solution)",empty-32-32,empty-32-32-random-1,100,1,30.0,solved,0.054764,0.021,2851,48,2424,2128,48,1.339756,0,,/home/carsten/Projects/MAPF/MAPF Evaluator/results/tlg-empty32/runs/lg_lacam_fork_lacam/empty-32-32/empty-32-32-random-1_a100_s1_r0,2851,0.021,"{""agents"": ""100"", ""comp_time"": ""21"", ""makespan"": ""48"", ""makespan_lb"": ""48"", ""map_file"": ""empty-32-32.map"", ""seed"": ""1"", ""soc"": ""2851"", ""soc_lb"": ""2128"", ""solved"": ""1"", ""solver"": ""planner"", ""sum_of_loss"": ""2497"", ""sum_of_loss_lb"": ""2128""}"
lg_lacam_fork:lacam_noswap,"LaCAM (no guidance, no PIBT swap)",empty-32-32,empty-32-32-random-1,100,0,30.0,solved,0.104976,0.012,2759,48,2367,2128,48,1.296523,0,,/home/carsten/Projects/MAPF/MAPF Evaluator/results/tlg-empty32/runs/lg_lacam_fork_lacam_noswap/empty-32-32/empty-32-32-random-1_a100_s0_r0,2759,0.012,"{""agents"": ""100"", ""comp_time"": ""12"", ""makespan"": ""48"", ""makespan_lb"": ""48"", ""map_file"": ""empty-32-32.map"", ""seed"": ""0"", ""soc"": ""2759"", ""soc_lb"": ""2128"", ""solved"": ""1"", ""solver"": ""planner"", ""sum_of_loss"": ""2424"", ""sum_of_loss_lb"": ""2128""}"
lg_lacam_fork:lacam_noswap,"LaCAM (no guidance, no PIBT swap)",empty-32-32,empty-32-32-random-1,100,1,30.0,solved,0.032981,0.013,2851,48,2424,2128,48,1.339756,0,,/home/carsten/Projects/MAPF/MAPF Evaluator/results/tlg-empty32/runs/lg_lacam_fork_lacam_noswap/empty-32-32/empty-32-32-random-1_a100_s1_r0,2851,0.013,"{""agents"": ""100"", ""comp_time"": ""13"", ""makespan"": ""48"", ""makespan_lb"": ""48"", ""map_file"": ""empty-32-32.map"", ""seed"": ""1"", ""soc"": ""2851"", ""soc_lb"": ""2128"", ""solved"": ""1"", ""solver"": ""planner"", ""sum_of_loss"": ""2497"", ""sum_of_loss_lb"": ""2128""}"
lg_lacam_fork:suo,LaCAM3 = SUO (first solution),empty-32-32,empty-32-32-random-1,100,0,30.0,solved,0.042872,0.015,2199,48,2179,2128,48,1.033365,0,,/home/carsten/Projects/MAPF/MAPF Evaluator/results/tlg-empty32/runs/lg_lacam_fork_suo/empty-32-32/empty-32-32-random-1_a100_s0_r0,2199,0.015,"{""agents"": ""100"", ""comp_time"": ""15"", ""makespan"": ""48"", ""makespan_lb"": ""48"", ""map_file"": ""empty-32-32.map"", ""seed"": ""0"", ""soc"": ""2199"", ""soc_lb"": ""2128"", ""solved"": ""1"", ""solver"": ""planner"", ""sum_of_loss"": ""2180"", ""sum_of_loss_lb"": ""2128""}"
lg_lacam_fork:suo,LaCAM3 = SUO (first solution),empty-32-32,empty-32-32-random-1,100,1,30.0,solved,0.050045,0.017,2211,48,2198,2128,48,1.039004,0,,/home/carsten/Projects/MAPF/MAPF Evaluator/results/tlg-empty32/runs/lg_lacam_fork_suo/empty-32-32/empty-32-32-random-1_a100_s1_r0,2211,0.017,"{""agents"": ""100"", ""comp_time"": ""17"", ""makespan"": ""48"", ""makespan_lb"": ""48"", ""map_file"": ""empty-32-32.map"", ""seed"": ""1"", ""soc"": ""2211"", ""soc_lb"": ""2128"", ""solved"": ""1"", ""solver"": ""planner"", ""sum_of_loss"": ""2199"", ""sum_of_loss_lb"": ""2128""}"
lg_lacam_fork:lg,"LG-LaCAM (window 20, first solution)",empty-32-32,empty-32-32-random-1,100,0,30.0,solved,0.127305,0.064,2156,48,2156,2128,48,1.013158,0,,/home/carsten/Projects/MAPF/MAPF Evaluator/results/tlg-empty32/runs/lg_lacam_fork_lg/empty-32-32/empty-32-32-random-1_a100_s0_r0,2156,0.064,"{""agents"": ""100"", ""comp_time"": ""64"", ""makespan"": ""48"", ""makespan_lb"": ""48"", ""map_file"": ""empty-32-32.map"", ""seed"": ""0"", ""soc"": ""2156"", ""soc_lb"": ""2128"", ""solved"": ""1"", ""solver"": ""planner"", ""sum_of_loss"": ""2156"", ""sum_of_loss_lb"": ""2128""}"
lg_lacam_fork:lg,"LG-LaCAM (window 20, first solution)",empty-32-32,empty-32-32-random-1,100,1,30.0,solved,0.119373,0.071,2162,48,2162,2128,48,1.015977,0,,/home/carsten/Projects/MAPF/MAPF Evaluator/results/tlg-empty32/runs/lg_lacam_fork_lg/empty-32-32/empty-32-32-random-1_a100_s1_r0,2162,0.071,"{""agents"": ""100"", ""comp_time"": ""71"", ""makespan"": ""48"", ""makespan_lb"": ""48"", ""map_file"": ""empty-32-32.map"", ""seed"": ""1"", ""soc"": ""2162"", ""soc_lb"": ""2128"", ""solved"": ""1"", ""solver"": ""planner"", ""sum_of_loss"": ""2162"", ""sum_of_loss_lb"": ""2128""}"
traffic_load_lacam:vanilla,py-LaCAM (vanilla),empty-32-32,empty-32-32-random-1,100,0,30.0,solved,0.682639,,2790,48,2340,2128,48,1.31109,0,,/home/carsten/Projects/MAPF/MAPF Evaluator/results/tlg-empty32/runs/traffic_load_lacam_vanilla/empty-32-32/empty-32-32-random-1_a100_s0_r0,,,
traffic_load_lacam:vanilla,py-LaCAM (vanilla),empty-32-32,empty-32-32-random-1,100,1,30.0,solved,0.54631,,2755,48,2363,2128,48,1.294643,0,,/home/carsten/Projects/MAPF/MAPF Evaluator/results/tlg-empty32/runs/traffic_load_lacam_vanilla/empty-32-32/empty-32-32-random-1_a100_s1_r0,,,
traffic_load_lacam:tb_step,"py-LaCAM + load (tiebreak, per step)",empty-32-32,empty-32-32-random-1,100,1,30.0,solved,1.076977,,2620,48,2245,2128,48,1.231203,0,,/home/carsten/Projects/MAPF/MAPF Evaluator/results/tlg-empty32/runs/traffic_load_lacam_tb_step/empty-32-32/empty-32-32-random-1_a100_s1_r0,,,
traffic_load_lacam:tb_step,"py-LaCAM + load (tiebreak, per step)",empty-32-32,empty-32-32-random-1,100,0,30.0,solved,1.586116,,2635,48,2246,2128,48,1.238252,0,,/home/carsten/Projects/MAPF/MAPF Evaluator/results/tlg-empty32/runs/traffic_load_lacam_tb_step/empty-32-32/empty-32-32-random-1_a100_s0_r0,,,
traffic_load_lacam:pen01_step,"py-LaCAM + load (penalty 0.1, per step)",empty-32-32,empty-32-32-random-1,100,0,30.0,solved,1.233218,,2635,48,2246,2128,48,1.238252,0,,/home/carsten/Projects/MAPF/MAPF Evaluator/results/tlg-empty32/runs/traffic_load_lacam_pen01_step/empty-32-32/empty-32-32-random-1_a100_s0_r0,,,
lg_lacam_fork:lacam,"LaCAM (no guidance, first solution)",empty-32-32,empty-32-32-random-1,150,0,30.0,solved,0.066699,0.02,4424,52,3803,3231,52,1.369236,0,,/home/carsten/Projects/MAPF/MAPF Evaluator/results/tlg-empty32/runs/lg_lacam_fork_lacam/empty-32-32/empty-32-32-random-1_a150_s0_r0,4424,0.02,"{""agents"": ""150"", ""comp_time"": ""20"", ""makespan"": ""52"", ""makespan_lb"": ""52"", ""map_file"": ""empty-32-32.map"", ""seed"": ""0"", ""soc"": ""4424"", ""soc_lb"": ""3231"", ""solved"": ""1"", ""solver"": ""planner"", ""sum_of_loss"": ""3918"", ""sum_of_loss_lb"": ""3231""}"
traffic_load_lacam:pen01_step,"py-LaCAM + load (penalty 0.1, per step)",empty-32-32,empty-32-32-random-1,100,1,30.0,solved,1.161447,,2620,48,2245,2128,48,1.231203,0,,/home/carsten/Projects/MAPF/MAPF Evaluator/results/tlg-empty32/runs/traffic_load_lacam_pen01_step/empty-32-32/empty-32-32-random-1_a100_s1_r0,,,
lg_lacam_fork:lacam,"LaCAM (no guidance, first solution)",empty-32-32,empty-32-32-random-1,150,1,30.0,solved,0.065105,0.03,4644,52,3900,3231,52,1.437326,0,,/home/carsten/Projects/MAPF/MAPF Evaluator/results/tlg-empty32/runs/lg_lacam_fork_lacam/empty-32-32/empty-32-32-random-1_a150_s1_r0,4644,0.03,"{""agents"": ""150"", ""comp_time"": ""30"", ""makespan"": ""52"", ""makespan_lb"": ""52"", ""map_file"": ""empty-32-32.map"", ""seed"": ""1"", ""soc"": ""4644"", ""soc_lb"": ""3231"", ""solved"": ""1"", ""solver"": ""planner"", ""sum_of_loss"": ""4047"", ""sum_of_loss_lb"": ""3231""}"
lg_lacam_fork:lacam_noswap,"LaCAM (no guidance, no PIBT swap)",empty-32-32,empty-32-32-random-1,150,0,30.0,solved,0.076072,0.011,4424,52,3803,3231,52,1.369236,0,,/home/carsten/Projects/MAPF/MAPF Evaluator/results/tlg-empty32/runs/lg_lacam_fork_lacam_noswap/empty-32-32/empty-32-32-random-1_a150_s0_r0,4424,0.011,"{""agents"": ""150"", ""comp_time"": ""11"", ""makespan"": ""52"", ""makespan_lb"": ""52"", ""map_file"": ""empty-32-32.map"", ""seed"": ""0"", ""soc"": ""4424"", ""soc_lb"": ""3231"", ""solved"": ""1"", ""solver"": ""planner"", ""sum_of_loss"": ""3918"", ""sum_of_loss_lb"": ""3231""}"
lg_lacam_fork:lacam_noswap,"LaCAM (no guidance, no PIBT swap)",empty-32-32,empty-32-32-random-1,150,1,30.0,solved,0.065003,0.01,4644,52,3900,3231,52,1.437326,0,,/home/carsten/Projects/MAPF/MAPF Evaluator/results/tlg-empty32/runs/lg_lacam_fork_lacam_noswap/empty-32-32/empty-32-32-random-1_a150_s1_r0,4644,0.01,"{""agents"": ""150"", ""comp_time"": ""10"", ""makespan"": ""52"", ""makespan_lb"": ""52"", ""map_file"": ""empty-32-32.map"", ""seed"": ""1"", ""soc"": ""4644"", ""soc_lb"": ""3231"", ""solved"": ""1"", ""solver"": ""planner"", ""sum_of_loss"": ""4047"", ""sum_of_loss_lb"": ""3231""}"
lg_lacam_fork:suo,LaCAM3 = SUO (first solution),empty-32-32,empty-32-32-random-1,150,0,30.0,solved,0.115929,0.044,3472,52,3389,3231,52,1.07459,0,,/home/carsten/Projects/MAPF/MAPF Evaluator/results/tlg-empty32/runs/lg_lacam_fork_suo/empty-32-32/empty-32-32-random-1_a150_s0_r0,3472,0.044,"{""agents"": ""150"", ""comp_time"": ""44"", ""makespan"": ""52"", ""makespan_lb"": ""52"", ""map_file"": ""empty-32-32.map"", ""seed"": ""0"", ""soc"": ""3472"", ""soc_lb"": ""3231"", ""solved"": ""1"", ""solver"": ""planner"", ""sum_of_loss"": ""3397"", ""sum_of_loss_lb"": ""3231""}"
lg_lacam_fork:suo,LaCAM3 = SUO (first solution),empty-32-32,empty-32-32-random-1,150,1,30.0,solved,0.070274,0.039,3682,52,3493,3231,52,1.139585,0,,/home/carsten/Projects/MAPF/MAPF Evaluator/results/tlg-empty32/runs/lg_lacam_fork_suo/empty-32-32/empty-32-32-random-1_a150_s1_r0,3682,0.039,"{""agents"": ""150"", ""comp_time"": ""39"", ""makespan"": ""52"", ""makespan_lb"": ""52"", ""map_file"": ""empty-32-32.map"", ""seed"": ""1"", ""soc"": ""3682"", ""soc_lb"": ""3231"", ""solved"": ""1"", ""solver"": ""planner"", ""sum_of_loss"": ""3528"", ""sum_of_loss_lb"": ""3231""}"
lg_lacam_fork:lg,"LG-LaCAM (window 20, first solution)",empty-32-32,empty-32-32-random-1,150,0,30.0,solved,0.085093,0.032,3311,52,3311,3231,52,1.02476,0,,/home/carsten/Projects/MAPF/MAPF Evaluator/results/tlg-empty32/runs/lg_lacam_fork_lg/empty-32-32/empty-32-32-random-1_a150_s0_r0,3311,0.032,"{""agents"": ""150"", ""comp_time"": ""32"", ""makespan"": ""52"", ""makespan_lb"": ""52"", ""map_file"": ""empty-32-32.map"", ""seed"": ""0"", ""soc"": ""3311"", ""soc_lb"": ""3231"", ""solved"": ""1"", ""solver"": ""planner"", ""sum_of_loss"": ""3311"", ""sum_of_loss_lb"": ""3231""}"
lg_lacam_fork:lg,"LG-LaCAM (window 20, first solution)",empty-32-32,empty-32-32-random-1,150,1,30.0,solved,0.063528,0.032,3338,52,3307,3231,52,1.033117,0,,/home/carsten/Projects/MAPF/MAPF Evaluator/results/tlg-empty32/runs/lg_lacam_fork_lg/empty-32-32/empty-32-32-random-1_a150_s1_r0,3338,0.032,"{""agents"": ""150"", ""comp_time"": ""32"", ""makespan"": ""52"", ""makespan_lb"": ""52"", ""map_file"": ""empty-32-32.map"", ""seed"": ""1"", ""soc"": ""3338"", ""soc_lb"": ""3231"", ""solved"": ""1"", ""solver"": ""planner"", ""sum_of_loss"": ""3311"", ""sum_of_loss_lb"": ""3231""}"
traffic_load_lacam:vanilla,py-LaCAM (vanilla),empty-32-32,empty-32-32-random-1,150,0,30.0,solved,0.397625,,4503,52,3826,3231,52,1.393686,0,,/home/carsten/Projects/MAPF/MAPF Evaluator/results/tlg-empty32/runs/traffic_load_lacam_vanilla/empty-32-32/empty-32-32-random-1_a150_s0_r0,,,
traffic_load_lacam:vanilla,py-LaCAM (vanilla),empty-32-32,empty-32-32-random-1,150,1,30.0,solved,0.351318,,4588,52,3856,3231,52,1.419994,0,,/home/carsten/Projects/MAPF/MAPF Evaluator/results/tlg-empty32/runs/traffic_load_lacam_vanilla/empty-32-32/empty-32-32-random-1_a150_s1_r0,,,
traffic_load_lacam:tb_step,"py-LaCAM + load (tiebreak, per step)",empty-32-32,empty-32-32-random-1,150,0,30.0,solved,0.886391,,4158,52,3564,3231,52,1.286908,0,,/home/carsten/Projects/MAPF/MAPF Evaluator/results/tlg-empty32/runs/traffic_load_lacam_tb_step/empty-32-32/empty-32-32-random-1_a150_s0_r0,,,
traffic_load_lacam:tb_step,"py-LaCAM + load (tiebreak, per step)",empty-32-32,empty-32-32-random-1,150,1,30.0,solved,0.848252,,4133,52,3560,3231,52,1.279171,0,,/home/carsten/Projects/MAPF/MAPF Evaluator/results/tlg-empty32/runs/traffic_load_lacam_tb_step/empty-32-32/empty-32-32-random-1_a150_s1_r0,,,
traffic_load_lacam:pen01_step,"py-LaCAM + load (penalty 0.1, per step)",empty-32-32,empty-32-32-random-1,150,0,30.0,solved,0.884014,,4181,52,3551,3231,52,1.294027,0,,/home/carsten/Projects/MAPF/MAPF Evaluator/results/tlg-empty32/runs/traffic_load_lacam_pen01_step/empty-32-32/empty-32-32-random-1_a150_s0_r0,,,
lg_lacam_fork:lacam,"LaCAM (no guidance, first solution)",empty-32-32,empty-32-32-random-2,50,0,30.0,solved,0.007492,0.001,1348,47,1218,1174,47,1.148211,0,,/home/carsten/Projects/MAPF/MAPF Evaluator/results/tlg-empty32/runs/lg_lacam_fork_lacam/empty-32-32/empty-32-32-random-2_a50_s0_r0,1348,0.001,"{""agents"": ""50"", ""comp_time"": ""1"", ""makespan"": ""47"", ""makespan_lb"": ""47"", ""map_file"": ""empty-32-32.map"", ""seed"": ""0"", ""soc"": ""1348"", ""soc_lb"": ""1174"", ""solved"": ""1"", ""solver"": ""planner"", ""sum_of_loss"": ""1238"", ""sum_of_loss_lb"": ""1174""}"
lg_lacam_fork:lacam,"LaCAM (no guidance, first solution)",empty-32-32,empty-32-32-random-2,50,1,30.0,solved,0.007481,0.001,1388,47,1223,1174,47,1.182283,0,,/home/carsten/Projects/MAPF/MAPF Evaluator/results/tlg-empty32/runs/lg_lacam_fork_lacam/empty-32-32/empty-32-32-random-2_a50_s1_r0,1388,0.001,"{""agents"": ""50"", ""comp_time"": ""1"", ""makespan"": ""47"", ""makespan_lb"": ""47"", ""map_file"": ""empty-32-32.map"", ""seed"": ""1"", ""soc"": ""1388"", ""soc_lb"": ""1174"", ""solved"": ""1"", ""solver"": ""planner"", ""sum_of_loss"": ""1240"", ""sum_of_loss_lb"": ""1174""}"
traffic_load_lacam:pen01_step,"py-LaCAM + load (penalty 0.1, per step)",empty-32-32,empty-32-32-random-1,150,1,30.0,solved,0.899741,,4133,52,3560,3231,52,1.279171,0,,/home/carsten/Projects/MAPF/MAPF Evaluator/results/tlg-empty32/runs/traffic_load_lacam_pen01_step/empty-32-32/empty-32-32-random-1_a150_s1_r0,,,
lg_lacam_fork:lacam_noswap,"LaCAM (no guidance, no PIBT swap)",empty-32-32,empty-32-32-random-2,50,0,30.0,solved,0.029612,0.001,1348,47,1218,1174,47,1.148211,0,,/home/carsten/Projects/MAPF/MAPF Evaluator/results/tlg-empty32/runs/lg_lacam_fork_lacam_noswap/empty-32-32/empty-32-32-random-2_a50_s0_r0,1348,0.001,"{""agents"": ""50"", ""comp_time"": ""1"", ""makespan"": ""47"", ""makespan_lb"": ""47"", ""map_file"": ""empty-32-32.map"", ""seed"": ""0"", ""soc"": ""1348"", ""soc_lb"": ""1174"", ""solved"": ""1"", ""solver"": ""planner"", ""sum_of_loss"": ""1238"", ""sum_of_loss_lb"": ""1174""}"
lg_lacam_fork:lacam_noswap,"LaCAM (no guidance, no PIBT swap)",empty-32-32,empty-32-32-random-2,50,1,30.0,solved,0.022008,0.001,1388,47,1223,1174,47,1.182283,0,,/home/carsten/Projects/MAPF/MAPF Evaluator/results/tlg-empty32/runs/lg_lacam_fork_lacam_noswap/empty-32-32/empty-32-32-random-2_a50_s1_r0,1388,0.001,"{""agents"": ""50"", ""comp_time"": ""1"", ""makespan"": ""47"", ""makespan_lb"": ""47"", ""map_file"": ""empty-32-32.map"", ""seed"": ""1"", ""soc"": ""1388"", ""soc_lb"": ""1174"", ""solved"": ""1"", ""solver"": ""planner"", ""sum_of_loss"": ""1240"", ""sum_of_loss_lb"": ""1174""}"
lg_lacam_fork:suo,LaCAM3 = SUO (first solution),empty-32-32,empty-32-32-random-2,50,0,30.0,solved,0.025954,0.003,1182,47,1182,1174,47,1.006814,0,,/home/carsten/Projects/MAPF/MAPF Evaluator/results/tlg-empty32/runs/lg_lacam_fork_suo/empty-32-32/empty-32-32-random-2_a50_s0_r0,1182,0.003,"{""agents"": ""50"", ""comp_time"": ""3"", ""makespan"": ""47"", ""makespan_lb"": ""47"", ""map_file"": ""empty-32-32.map"", ""seed"": ""0"", ""soc"": ""1182"", ""soc_lb"": ""1174"", ""solved"": ""1"", ""solver"": ""planner"", ""sum_of_loss"": ""1182"", ""sum_of_loss_lb"": ""1174""}"
lg_lacam_fork:suo,LaCAM3 = SUO (first solution),empty-32-32,empty-32-32-random-2,50,1,30.0,solved,0.028408,0.003,1182,47,1182,1174,47,1.006814,0,,/home/carsten/Projects/MAPF/MAPF Evaluator/results/tlg-empty32/runs/lg_lacam_fork_suo/empty-32-32/empty-32-32-random-2_a50_s1_r0,1182,0.003,"{""agents"": ""50"", ""comp_time"": ""3"", ""makespan"": ""47"", ""makespan_lb"": ""47"", ""map_file"": ""empty-32-32.map"", ""seed"": ""1"", ""soc"": ""1182"", ""soc_lb"": ""1174"", ""solved"": ""1"", ""solver"": ""planner"", ""sum_of_loss"": ""1182"", ""sum_of_loss_lb"": ""1174""}"
lg_lacam_fork:lg,"LG-LaCAM (window 20, first solution)",empty-32-32,empty-32-32-random-2,50,0,30.0,solved,0.027266,0.007,1175,47,1175,1174,47,1.000852,0,,/home/carsten/Projects/MAPF/MAPF Evaluator/results/tlg-empty32/runs/lg_lacam_fork_lg/empty-32-32/empty-32-32-random-2_a50_s0_r0,1175,0.007,"{""agents"": ""50"", ""comp_time"": ""7"", ""makespan"": ""47"", ""makespan_lb"": ""47"", ""map_file"": ""empty-32-32.map"", ""seed"": ""0"", ""soc"": ""1175"", ""soc_lb"": ""1174"", ""solved"": ""1"", ""solver"": ""planner"", ""sum_of_loss"": ""1175"", ""sum_of_loss_lb"": ""1174""}"
lg_lacam_fork:lg,"LG-LaCAM (window 20, first solution)",empty-32-32,empty-32-32-random-2,50,1,30.0,solved,0.03357,0.009,1176,47,1176,1174,47,1.001704,0,,/home/carsten/Projects/MAPF/MAPF Evaluator/results/tlg-empty32/runs/lg_lacam_fork_lg/empty-32-32/empty-32-32-random-2_a50_s1_r0,1176,0.009,"{""agents"": ""50"", ""comp_time"": ""9"", ""makespan"": ""47"", ""makespan_lb"": ""47"", ""map_file"": ""empty-32-32.map"", ""seed"": ""1"", ""soc"": ""1176"", ""soc_lb"": ""1174"", ""solved"": ""1"", ""solver"": ""planner"", ""sum_of_loss"": ""1176"", ""sum_of_loss_lb"": ""1174""}"
traffic_load_lacam:vanilla,py-LaCAM (vanilla),empty-32-32,empty-32-32-random-2,50,0,30.0,solved,0.273521,,1422,47,1235,1174,47,1.211244,0,,/home/carsten/Projects/MAPF/MAPF Evaluator/results/tlg-empty32/runs/traffic_load_lacam_vanilla/empty-32-32/empty-32-32-random-2_a50_s0_r0,,,
traffic_load_lacam:vanilla,py-LaCAM (vanilla),empty-32-32,empty-32-32-random-2,50,1,30.0,solved,0.224203,,1391,47,1226,1174,47,1.184838,0,,/home/carsten/Projects/MAPF/MAPF Evaluator/results/tlg-empty32/runs/traffic_load_lacam_vanilla/empty-32-32/empty-32-32-random-2_a50_s1_r0,,,
traffic_load_lacam:tb_step,"py-LaCAM + load (tiebreak, per step)",empty-32-32,empty-32-32-random-2,50,1,30.0,solved,0.58705,,1321,47,1191,1174,47,1.125213,0,,/home/carsten/Projects/MAPF/MAPF Evaluator/results/tlg-empty32/runs/traffic_load_lacam_tb_step/empty-32-32/empty-32-32-random-2_a50_s1_r0,,,
traffic_load_lacam:tb_step,"py-LaCAM + load (tiebreak, per step)",empty-32-32,empty-32-32-random-2,50,0,30.0,solved,0.753699,,1344,47,1192,1174,47,1.144804,0,,/home/carsten/Projects/MAPF/MAPF Evaluator/results/tlg-empty32/runs/traffic_load_lacam_tb_step/empty-32-32/empty-32-32-random-2_a50_s0_r0,,,
traffic_load_lacam:pen01_step,"py-LaCAM + load (penalty 0.1, per step)",empty-32-32,empty-32-32-random-2,50,0,30.0,solved,0.687194,,1344,47,1192,1174,47,1.144804,0,,/home/carsten/Projects/MAPF/MAPF Evaluator/results/tlg-empty32/runs/traffic_load_lacam_pen01_step/empty-32-32/empty-32-32-random-2_a50_s0_r0,,,
lg_lacam_fork:lacam,"LaCAM (no guidance, first solution)",empty-32-32,empty-32-32-random-2,100,0,30.0,solved,0.066024,0.014,2772,47,2416,2207,47,1.256004,0,,/home/carsten/Projects/MAPF/MAPF Evaluator/results/tlg-empty32/runs/lg_lacam_fork_lacam/empty-32-32/empty-32-32-random-2_a100_s0_r0,2772,0.014,"{""agents"": ""100"", ""comp_time"": ""14"", ""makespan"": ""47"", ""makespan_lb"": ""47"", ""map_file"": ""empty-32-32.map"", ""seed"": ""0"", ""soc"": ""2772"", ""soc_lb"": ""2207"", ""solved"": ""1"", ""solver"": ""planner"", ""sum_of_loss"": ""2470"", ""sum_of_loss_lb"": ""2207""}"
traffic_load_lacam:pen01_step,"py-LaCAM + load (penalty 0.1, per step)",empty-32-32,empty-32-32-random-2,50,1,30.0,solved,0.864533,,1321,47,1191,1174,47,1.125213,0,,/home/carsten/Projects/MAPF/MAPF Evaluator/results/tlg-empty32/runs/traffic_load_lacam_pen01_step/empty-32-32/empty-32-32-random-2_a50_s1_r0,,,
lg_lacam_fork:lacam,"LaCAM (no guidance, first solution)",empty-32-32,empty-32-32-random-2,100,1,30.0,solved,0.033631,0.007,2725,51,2405,2207,47,1.234708,0,,/home/carsten/Projects/MAPF/MAPF Evaluator/results/tlg-empty32/runs/lg_lacam_fork_lacam/empty-32-32/empty-32-32-random-2_a100_s1_r0,2725,0.007,"{""agents"": ""100"", ""comp_time"": ""7"", ""makespan"": ""51"", ""makespan_lb"": ""47"", ""map_file"": ""empty-32-32.map"", ""seed"": ""1"", ""soc"": ""2725"", ""soc_lb"": ""2207"", ""solved"": ""1"", ""solver"": ""planner"", ""sum_of_loss"": ""2452"", ""sum_of_loss_lb"": ""2207""}"
lg_lacam_fork:lacam_noswap,"LaCAM (no guidance, no PIBT swap)",empty-32-32,empty-32-32-random-2,100,0,30.0,solved,0.043732,0.014,2772,47,2416,2207,47,1.256004,0,,/home/carsten/Projects/MAPF/MAPF Evaluator/results/tlg-empty32/runs/lg_lacam_fork_lacam_noswap/empty-32-32/empty-32-32-random-2_a100_s0_r0,2772,0.014,"{""agents"": ""100"", ""comp_time"": ""14"", ""makespan"": ""47"", ""makespan_lb"": ""47"", ""map_file"": ""empty-32-32.map"", ""seed"": ""0"", ""soc"": ""2772"", ""soc_lb"": ""2207"", ""solved"": ""1"", ""solver"": ""planner"", ""sum_of_loss"": ""2470"", ""sum_of_loss_lb"": ""2207""}"
lg_lacam_fork:lacam_noswap,"LaCAM (no guidance, no PIBT swap)",empty-32-32,empty-32-32-random-2,100,1,30.0,solved,0.045623,0.007,2725,51,2405,2207,47,1.234708,0,,/home/carsten/Projects/MAPF/MAPF Evaluator/results/tlg-empty32/runs/lg_lacam_fork_lacam_noswap/empty-32-32/empty-32-32-random-2_a100_s1_r0,2725,0.007,"{""agents"": ""100"", ""comp_time"": ""7"", ""makespan"": ""51"", ""makespan_lb"": ""47"", ""map_file"": ""empty-32-32.map"", ""seed"": ""1"", ""soc"": ""2725"", ""soc_lb"": ""2207"", ""solved"": ""1"", ""solver"": ""planner"", ""sum_of_loss"": ""2452"", ""sum_of_loss_lb"": ""2207""}"
lg_lacam_fork:suo,LaCAM3 = SUO (first solution),empty-32-32,empty-32-32-random-2,100,0,30.0,solved,0.070185,0.034,2255,47,2255,2207,47,1.021749,0,,/home/carsten/Projects/MAPF/MAPF Evaluator/results/tlg-empty32/runs/lg_lacam_fork_suo/empty-32-32/empty-32-32-random-2_a100_s0_r0,2255,0.034,"{""agents"": ""100"", ""comp_time"": ""34"", ""makespan"": ""47"", ""makespan_lb"": ""47"", ""map_file"": ""empty-32-32.map"", ""seed"": ""0"", ""soc"": ""2255"", ""soc_lb"": ""2207"", ""solved"": ""1"", ""solver"": ""planner"", ""sum_of_loss"": ""2255"", ""sum_of_loss_lb"": ""2207""}"
lg_lacam_fork:suo,LaCAM3 = SUO (first solution),empty-32-32,empty-32-32-random-2,100,1,30.0,solved,0.083779,0.034,2265,47,2260,2207,47,1.02628,0,,/home/carsten/Projects/MAPF/MAPF Evaluator/results/tlg-empty32/runs/lg_lacam_fork_suo/empty-32-32/empty-32-32-random-2_a100_s1_r0,2265,0.034,"{""agents"": ""100"", ""comp_time"": ""34"", ""makespan"": ""47"", ""makespan_lb"": ""47"", ""map_file"": ""empty-32-32.map"", ""seed"": ""1"", ""soc"": ""2265"", ""soc_lb"": ""2207"", ""solved"": ""1"", ""solver"": ""planner"", ""sum_of_loss"": ""2261"", ""sum_of_loss_lb"": ""2207""}"
lg_lacam_fork:lg,"LG-LaCAM (window 20, first solution)",empty-32-32,empty-32-32-random-2,100,0,30.0,solved,0.059212,0.034,2259,47,2240,2207,47,1.023561,0,,/home/carsten/Projects/MAPF/MAPF Evaluator/results/tlg-empty32/runs/lg_lacam_fork_lg/empty-32-32/empty-32-32-random-2_a100_s0_r0,2259,0.034,"{""agents"": ""100"", ""comp_time"": ""34"", ""makespan"": ""47"", ""makespan_lb"": ""47"", ""map_file"": ""empty-32-32.map"", ""seed"": ""0"", ""soc"": ""2259"", ""soc_lb"": ""2207"", ""solved"": ""1"", ""solver"": ""planner"", ""sum_of_loss"": ""2241"", ""sum_of_loss_lb"": ""2207""}"
lg_lacam_fork:lg,"LG-LaCAM (window 20, first solution)",empty-32-32,empty-32-32-random-2,100,1,30.0,solved,0.138714,0.063,2230,47,2230,2207,47,1.010421,0,,/home/carsten/Projects/MAPF/MAPF Evaluator/results/tlg-empty32/runs/lg_lacam_fork_lg/empty-32-32/empty-32-32-random-2_a100_s1_r0,2230,0.063,"{""agents"": ""100"", ""comp_time"": ""63"", ""makespan"": ""47"", ""makespan_lb"": ""47"", ""map_file"": ""empty-32-32.map"", ""seed"": ""1"", ""soc"": ""2230"", ""soc_lb"": ""2207"", ""solved"": ""1"", ""solver"": ""planner"", ""sum_of_loss"": ""2230"", ""sum_of_loss_lb"": ""2207""}"
traffic_load_lacam:vanilla,py-LaCAM (vanilla),empty-32-32,empty-32-32-random-2,100,0,30.0,solved,0.415509,,2749,47,2431,2207,47,1.245582,0,,/home/carsten/Projects/MAPF/MAPF Evaluator/results/tlg-empty32/runs/traffic_load_lacam_vanilla/empty-32-32/empty-32-32-random-2_a100_s0_r0,,,
traffic_load_lacam:vanilla,py-LaCAM (vanilla),empty-32-32,empty-32-32-random-2,100,1,30.0,solved,0.442768,,2728,47,2408,2207,47,1.236067,0,,/home/carsten/Projects/MAPF/MAPF Evaluator/results/tlg-empty32/runs/traffic_load_lacam_vanilla/empty-32-32/empty-32-32-random-2_a100_s1_r0,,,
traffic_load_lacam:tb_step,"py-LaCAM + load (tiebreak, per step)",empty-32-32,empty-32-32-random-2,100,0,30.0,solved,1.203884,,2686,47,2303,2207,47,1.217037,0,,/home/carsten/Projects/MAPF/MAPF Evaluator/results/tlg-empty32/runs/traffic_load_lacam_tb_step/empty-32-32/empty-32-32-random-2_a100_s0_r0,,,
traffic_load_lacam:tb_step,"py-LaCAM + load (tiebreak, per step)",empty-32-32,empty-32-32-random-2,100,1,30.0,solved,1.241383,,2678,47,2304,2207,47,1.213412,0,,/home/carsten/Projects/MAPF/MAPF Evaluator/results/tlg-empty32/runs/traffic_load_lacam_tb_step/empty-32-32/empty-32-32-random-2_a100_s1_r0,,,
traffic_load_lacam:pen01_step,"py-LaCAM + load (penalty 0.1, per step)",empty-32-32,empty-32-32-random-2,100,0,30.0,solved,1.113884,,2686,47,2303,2207,47,1.217037,0,,/home/carsten/Projects/MAPF/MAPF Evaluator/results/tlg-empty32/runs/traffic_load_lacam_pen01_step/empty-32-32/empty-32-32-random-2_a100_s0_r0,,,
lg_lacam_fork:lacam,"LaCAM (no guidance, first solution)",empty-32-32,empty-32-32-random-2,150,0,30.0,solved,0.114831,0.046,4450,49,3874,3350,49,1.328358,0,,/home/carsten/Projects/MAPF/MAPF Evaluator/results/tlg-empty32/runs/lg_lacam_fork_lacam/empty-32-32/empty-32-32-random-2_a150_s0_r0,4450,0.046,"{""agents"": ""150"", ""comp_time"": ""46"", ""makespan"": ""49"", ""makespan_lb"": ""49"", ""map_file"": ""empty-32-32.map"", ""seed"": ""0"", ""soc"": ""4450"", ""soc_lb"": ""3350"", ""solved"": ""1"", ""solver"": ""planner"", ""sum_of_loss"": ""3984"", ""sum_of_loss_lb"": ""3350""}"
lg_lacam_fork:lacam,"LaCAM (no guidance, first solution)",empty-32-32,empty-32-32-random-2,150,1,30.0,solved,0.117156,0.03,4553,49,3864,3350,49,1.359104,0,,/home/carsten/Projects/MAPF/MAPF Evaluator/results/tlg-empty32/runs/lg_lacam_fork_lacam/empty-32-32/empty-32-32-random-2_a150_s1_r0,4553,0.03,"{""agents"": ""150"", ""comp_time"": ""30"", ""makespan"": ""49"", ""makespan_lb"": ""49"", ""map_file"": ""empty-32-32.map"", ""seed"": ""1"", ""soc"": ""4553"", ""soc_lb"": ""3350"", ""solved"": ""1"", ""solver"": ""planner"", ""sum_of_loss"": ""3993"", ""sum_of_loss_lb"": ""3350""}"
traffic_load_lacam:pen01_step,"py-LaCAM + load (penalty 0.1, per step)",empty-32-32,empty-32-32-random-2,100,1,30.0,solved,1.381327,,2697,47,2307,2207,47,1.222021,0,,/home/carsten/Projects/MAPF/MAPF Evaluator/results/tlg-empty32/runs/traffic_load_lacam_pen01_step/empty-32-32/empty-32-32-random-2_a100_s1_r0,,,
lg_lacam_fork:lacam_noswap,"LaCAM (no guidance, no PIBT swap)",empty-32-32,empty-32-32-random-2,150,0,30.0,solved,0.051542,0.015,4450,49,3874,3350,49,1.328358,0,,/home/carsten/Projects/MAPF/MAPF Evaluator/results/tlg-empty32/runs/lg_lacam_fork_lacam_noswap/empty-32-32/empty-32-32-random-2_a150_s0_r0,4450,0.015,"{""agents"": ""150"", ""comp_time"": ""15"", ""makespan"": ""49"", ""makespan_lb"": ""49"", ""map_file"": ""empty-32-32.map"", ""seed"": ""0"", ""soc"": ""4450"", ""soc_lb"": ""3350"", ""solved"": ""1"", ""solver"": ""planner"", ""sum_of_loss"": ""3984"", ""sum_of_loss_lb"": ""3350""}"
lg_lacam_fork:lacam_noswap,"LaCAM (no guidance, no PIBT swap)",empty-32-32,empty-32-32-random-2,150,1,30.0,solved,0.044849,0.012,4553,49,3864,3350,49,1.359104,0,,/home/carsten/Projects/MAPF/MAPF Evaluator/results/tlg-empty32/runs/lg_lacam_fork_lacam_noswap/empty-32-32/empty-32-32-random-2_a150_s1_r0,4553,0.012,"{""agents"": ""150"", ""comp_time"": ""12"", ""makespan"": ""49"", ""makespan_lb"": ""49"", ""map_file"": ""empty-32-32.map"", ""seed"": ""1"", ""soc"": ""4553"", ""soc_lb"": ""3350"", ""solved"": ""1"", ""solver"": ""planner"", ""sum_of_loss"": ""3993"", ""sum_of_loss_lb"": ""3350""}"
lg_lacam_fork:suo,LaCAM3 = SUO (first solution),empty-32-32,empty-32-32-random-2,150,0,30.0,solved,0.095721,0.056,3527,49,3480,3350,49,1.052836,0,,/home/carsten/Projects/MAPF/MAPF Evaluator/results/tlg-empty32/runs/lg_lacam_fork_suo/empty-32-32/empty-32-32-random-2_a150_s0_r0,3527,0.056,"{""agents"": ""150"", ""comp_time"": ""56"", ""makespan"": ""49"", ""makespan_lb"": ""49"", ""map_file"": ""empty-32-32.map"", ""seed"": ""0"", ""soc"": ""3527"", ""soc_lb"": ""3350"", ""solved"": ""1"", ""solver"": ""planner"", ""sum_of_loss"": ""3484"", ""sum_of_loss_lb"": ""3350""}"
lg_lacam_fork:suo,LaCAM3 = SUO (first solution),empty-32-32,empty-32-32-random-2,150,1,30.0,solved,0.125636,0.071,3480,49,3480,3350,49,1.038806,0,,/home/carsten/Projects/MAPF/MAPF Evaluator/results/tlg-empty32/runs/lg_lacam_fork_suo/empty-32-32/empty-32-32-random-2_a150_s1_r0,3480,0.071,"{""agents"": ""150"", ""comp_time"": ""71"", ""makespan"": ""49"", ""makespan_lb"": ""49"", ""map_file"": ""empty-32-32.map"", ""seed"": ""1"", ""soc"": ""3480"", ""soc_lb"": ""3350"", ""solved"": ""1"", ""solver"": ""planner"", ""sum_of_loss"": ""3480"", ""sum_of_loss_lb"": ""3350""}"
lg_lacam_fork:lg,"LG-LaCAM (window 20, first solution)",empty-32-32,empty-32-32-random-2,150,0,30.0,solved,0.186916,0.074,3438,49,3413,3350,49,1.026269,0,,/home/carsten/Projects/MAPF/MAPF Evaluator/results/tlg-empty32/runs/lg_lacam_fork_lg/empty-32-32/empty-32-32-random-2_a150_s0_r0,3438,0.074,"{""agents"": ""150"", ""comp_time"": ""74"", ""makespan"": ""49"", ""makespan_lb"": ""49"", ""map_file"": ""empty-32-32.map"", ""seed"": ""0"", ""soc"": ""3438"", ""soc_lb"": ""3350"", ""solved"": ""1"", ""solver"": ""planner"", ""sum_of_loss"": ""3416"", ""sum_of_loss_lb"": ""3350""}"
lg_lacam_fork:lg,"LG-LaCAM (window 20, first solution)",empty-32-32,empty-32-32-random-2,150,1,30.0,solved,0.156514,0.082,3443,49,3415,3350,49,1.027761,0,,/home/carsten/Projects/MAPF/MAPF Evaluator/results/tlg-empty32/runs/lg_lacam_fork_lg/empty-32-32/empty-32-32-random-2_a150_s1_r0,3443,0.082,"{""agents"": ""150"", ""comp_time"": ""82"", ""makespan"": ""49"", ""makespan_lb"": ""49"", ""map_file"": ""empty-32-32.map"", ""seed"": ""1"", ""soc"": ""3443"", ""soc_lb"": ""3350"", ""solved"": ""1"", ""solver"": ""planner"", ""sum_of_loss"": ""3417"", ""sum_of_loss_lb"": ""3350""}"
traffic_load_lacam:vanilla,py-LaCAM (vanilla),empty-32-32,empty-32-32-random-2,150,0,30.0,solved,0.509282,,4410,49,3790,3350,49,1.316418,0,,/home/carsten/Projects/MAPF/MAPF Evaluator/results/tlg-empty32/runs/traffic_load_lacam_vanilla/empty-32-32/empty-32-32-random-2_a150_s0_r0,,,
traffic_load_lacam:vanilla,py-LaCAM (vanilla),empty-32-32,empty-32-32-random-2,150,1,30.0,solved,0.857175,,4473,49,3850,3350,49,1.335224,0,,/home/carsten/Projects/MAPF/MAPF Evaluator/results/tlg-empty32/runs/traffic_load_lacam_vanilla/empty-32-32/empty-32-32-random-2_a150_s1_r0,,,
traffic_load_lacam:tb_step,"py-LaCAM + load (tiebreak, per step)",empty-32-32,empty-32-32-random-2,150,0,30.0,solved,1.654363,,4243,49,3615,3350,49,1.266567,0,,/home/carsten/Projects/MAPF/MAPF Evaluator/results/tlg-empty32/runs/traffic_load_lacam_tb_step/empty-32-32/empty-32-32-random-2_a150_s0_r0,,,
traffic_load_lacam:tb_step,"py-LaCAM + load (tiebreak, per step)",empty-32-32,empty-32-32-random-2,150,1,30.0,solved,1.368221,,4215,49,3614,3350,49,1.258209,0,,/home/carsten/Projects/MAPF/MAPF Evaluator/results/tlg-empty32/runs/traffic_load_lacam_tb_step/empty-32-32/empty-32-32-random-2_a150_s1_r0,,,
traffic_load_lacam:pen01_step,"py-LaCAM + load (penalty 0.1, per step)",empty-32-32,empty-32-32-random-2,150,0,30.0,solved,1.776149,,4235,49,3618,3350,49,1.264179,0,,/home/carsten/Projects/MAPF/MAPF Evaluator/results/tlg-empty32/runs/traffic_load_lacam_pen01_step/empty-32-32/empty-32-32-random-2_a150_s0_r0,,,
lg_lacam_fork:lacam,"LaCAM (no guidance, first solution)",empty-32-32,empty-32-32-random-3,50,0,30.0,solved,0.036252,0.007,1311,57,1138,1080,57,1.213889,0,,/home/carsten/Projects/MAPF/MAPF Evaluator/results/tlg-empty32/runs/lg_lacam_fork_lacam/empty-32-32/empty-32-32-random-3_a50_s0_r0,1311,0.007,"{""agents"": ""50"", ""comp_time"": ""7"", ""makespan"": ""57"", ""makespan_lb"": ""57"", ""map_file"": ""empty-32-32.map"", ""seed"": ""0"", ""soc"": ""1311"", ""soc_lb"": ""1080"", ""solved"": ""1"", ""solver"": ""planner"", ""sum_of_loss"": ""1155"", ""sum_of_loss_lb"": ""1080""}"
lg_lacam_fork:lacam,"LaCAM (no guidance, first solution)",empty-32-32,empty-32-32-random-3,50,1,30.0,solved,0.071429,0.021,1293,57,1145,1080,57,1.197222,0,,/home/carsten/Projects/MAPF/MAPF Evaluator/results/tlg-empty32/runs/lg_lacam_fork_lacam/empty-32-32/empty-32-32-random-3_a50_s1_r0,1293,0.021,"{""agents"": ""50"", ""comp_time"": ""21"", ""makespan"": ""57"", ""makespan_lb"": ""57"", ""map_file"": ""empty-32-32.map"", ""seed"": ""1"", ""soc"": ""1293"", ""soc_lb"": ""1080"", ""solved"": ""1"", ""solver"": ""planner"", ""sum_of_loss"": ""1168"", ""sum_of_loss_lb"": ""1080""}"
lg_lacam_fork:lacam_noswap,"LaCAM (no guidance, no PIBT swap)",empty-32-32,empty-32-32-random-3,50,0,30.0,solved,0.019036,0.005,1311,57,1138,1080,57,1.213889,0,,/home/carsten/Projects/MAPF/MAPF Evaluator/results/tlg-empty32/runs/lg_lacam_fork_lacam_noswap/empty-32-32/empty-32-32-random-3_a50_s0_r0,1311,0.005,"{""agents"": ""50"", ""comp_time"": ""5"", ""makespan"": ""57"", ""makespan_lb"": ""57"", ""map_file"": ""empty-32-32.map"", ""seed"": ""0"", ""soc"": ""1311"", ""soc_lb"": ""1080"", ""solved"": ""1"", ""solver"": ""planner"", ""sum_of_loss"": ""1155"", ""sum_of_loss_lb"": ""1080""}"
traffic_load_lacam:pen01_step,"py-LaCAM + load (penalty 0.1, per step)",empty-32-32,empty-32-32-random-2,150,1,30.0,solved,2.042287,,4277,49,3623,3350,49,1.276716,0,,/home/carsten/Projects/MAPF/MAPF Evaluator/results/tlg-empty32/runs/traffic_load_lacam_pen01_step/empty-32-32/empty-32-32-random-2_a150_s1_r0,,,
lg_lacam_fork:lacam_noswap,"LaCAM (no guidance, no PIBT swap)",empty-32-32,empty-32-32-random-3,50,1,30.0,solved,0.020318,0.009,1293,57,1145,1080,57,1.197222,0,,/home/carsten/Projects/MAPF/MAPF Evaluator/results/tlg-empty32/runs/lg_lacam_fork_lacam_noswap/empty-32-32/empty-32-32-random-3_a50_s1_r0,1293,0.009,"{""agents"": ""50"", ""comp_time"": ""9"", ""makespan"": ""57"", ""makespan_lb"": ""57"", ""map_file"": ""empty-32-32.map"", ""seed"": ""1"", ""soc"": ""1293"", ""soc_lb"": ""1080"", ""solved"": ""1"", ""solver"": ""planner"", ""sum_of_loss"": ""1168"", ""sum_of_loss_lb"": ""1080""}"
lg_lacam_fork:suo,LaCAM3 = SUO (first solution),empty-32-32,empty-32-32-random-3,50,0,30.0,solved,0.099708,0.04,1094,57,1094,1080,57,1.012963,0,,/home/carsten/Projects/MAPF/MAPF Evaluator/results/tlg-empty32/runs/lg_lacam_fork_suo/empty-32-32/empty-32-32-random-3_a50_s0_r0,1094,0.04,"{""agents"": ""50"", ""comp_time"": ""40"", ""makespan"": ""57"", ""makespan_lb"": ""57"", ""map_file"": ""empty-32-32.map"", ""seed"": ""0"", ""soc"": ""1094"", ""soc_lb"": ""1080"", ""solved"": ""1"", ""solver"": ""planner"", ""sum_of_loss"": ""1094"", ""sum_of_loss_lb"": ""1080""}"
lg_lacam_fork:suo,LaCAM3 = SUO (first solution),empty-32-32,empty-32-32-random-3,50,1,30.0,solved,0.023531,0.007,1092,57,1092,1080,57,1.011111,0,,/home/carsten/Projects/MAPF/MAPF Evaluator/results/tlg-empty32/runs/lg_lacam_fork_suo/empty-32-32/empty-32-32-random-3_a50_s1_r0,1092,0.007,"{""agents"": ""50"", ""comp_time"": ""7"", ""makespan"": ""57"", ""makespan_lb"": ""57"", ""map_file"": ""empty-32-32.map"", ""seed"": ""1"", ""soc"": ""1092"", ""soc_lb"": ""1080"", ""solved"": ""1"", ""solver"": ""planner"", ""sum_of_loss"": ""1092"", ""sum_of_loss_lb"": ""1080""}"
lg_lacam_fork:lg,"LG-LaCAM (window 20, first solution)",empty-32-32,empty-32-32-random-3,50,0,30.0,solved,0.086713,0.039,1086,57,1086,1080,57,1.005556,0,,/home/carsten/Projects/MAPF/MAPF Evaluator/results/tlg-empty32/runs/lg_lacam_fork_lg/empty-32-32/empty-32-32-random-3_a50_s0_r0,1086,0.039,"{""agents"": ""50"", ""comp_time"": ""39"", ""makespan"": ""57"", ""makespan_lb"": ""57"", ""map_file"": ""empty-32-32.map"", ""seed"": ""0"", ""soc"": ""1086"", ""soc_lb"": ""1080"", ""solved"": ""1"", ""solver"": ""planner"", ""sum_of_loss"": ""1086"", ""sum_of_loss_lb"": ""1080""}"
lg_lacam_fork:lg,"LG-LaCAM (window 20, first solution)",empty-32-32,empty-32-32-random-3,50,1,30.0,solved,0.047742,0.017,1086,57,1086,1080,57,1.005556,0,,/home/carsten/Projects/MAPF/MAPF Evaluator/results/tlg-empty32/runs/lg_lacam_fork_lg/empty-32-32/empty-32-32-random-3_a50_s1_r0,1086,0.017,"{""agents"": ""50"", ""comp_time"": ""17"", ""makespan"": ""57"", ""makespan_lb"": ""57"", ""map_file"": ""empty-32-32.map"", ""seed"": ""1"", ""soc"": ""1086"", ""soc_lb"": ""1080"", ""solved"": ""1"", ""solver"": ""planner"", ""sum_of_loss"": ""1086"", ""sum_of_loss_lb"": ""1080""}"
traffic_load_lacam:vanilla,py-LaCAM (vanilla),empty-32-32,empty-32-32-random-3,50,1,30.0,solved,0.375782,,1300,57,1164,1080,57,1.203704,0,,/home/carsten/Projects/MAPF/MAPF Evaluator/results/tlg-empty32/runs/traffic_load_lacam_vanilla/empty-32-32/empty-32-32-random-3_a50_s1_r0,,,
traffic_load_lacam:vanilla,py-LaCAM (vanilla),empty-32-32,empty-32-32-random-3,50,0,30.0,solved,0.458377,,1274,57,1128,1080,57,1.17963,0,,/home/carsten/Projects/MAPF/MAPF Evaluator/results/tlg-empty32/runs/traffic_load_lacam_vanilla/empty-32-32/empty-32-32-random-3_a50_s0_r0,,,
traffic_load_lacam:tb_step,"py-LaCAM + load (tiebreak, per step)",empty-32-32,empty-32-32-random-3,50,0,30.0,solved,0.746335,,1198,57,1098,1080,57,1.109259,0,,/home/carsten/Projects/MAPF/MAPF Evaluator/results/tlg-empty32/runs/traffic_load_lacam_tb_step/empty-32-32/empty-32-32-random-3_a50_s0_r0,,,
traffic_load_lacam:tb_step,"py-LaCAM + load (tiebreak, per step)",empty-32-32,empty-32-32-random-3,50,1,30.0,solved,0.829256,,1216,57,1102,1080,57,1.125926,0,,/home/carsten/Projects/MAPF/MAPF Evaluator/results/tlg-empty32/runs/traffic_load_lacam_tb_step/empty-32-32/empty-32-32-random-3_a50_s1_r0,,,
traffic_load_lacam:pen01_step,"py-LaCAM + load (penalty 0.1, per step)",empty-32-32,empty-32-32-random-3,50,0,30.0,solved,0.691725,,1198,57,1098,1080,57,1.109259,0,,/home/carsten/Projects/MAPF/MAPF Evaluator/results/tlg-empty32/runs/traffic_load_lacam_pen01_step/empty-32-32/empty-32-32-random-3_a50_s0_r0,,,
lg_lacam_fork:lacam,"LaCAM (no guidance, first solution)",empty-32-32,empty-32-32-random-3,100,0,30.0,solved,0.068005,0.025,2710,57,2352,2137,57,1.268133,0,,/home/carsten/Projects/MAPF/MAPF Evaluator/results/tlg-empty32/runs/lg_lacam_fork_lacam/empty-32-32/empty-32-32-random-3_a100_s0_r0,2710,0.025,"{""agents"": ""100"", ""comp_time"": ""25"", ""makespan"": ""57"", ""makespan_lb"": ""57"", ""map_file"": ""empty-32-32.map"", ""seed"": ""0"", ""soc"": ""2710"", ""soc_lb"": ""2137"", ""solved"": ""1"", ""solver"": ""planner"", ""sum_of_loss"": ""2410"", ""sum_of_loss_lb"": ""2137""}"
traffic_load_lacam:pen01_step,"py-LaCAM + load (penalty 0.1, per step)",empty-32-32,empty-32-32-random-3,50,1,30.0,solved,0.76293,,1216,57,1102,1080,57,1.125926,0,,/home/carsten/Projects/MAPF/MAPF Evaluator/results/tlg-empty32/runs/traffic_load_lacam_pen01_step/empty-32-32/empty-32-32-random-3_a50_s1_r0,,,
lg_lacam_fork:lacam,"LaCAM (no guidance, first solution)",empty-32-32,empty-32-32-random-3,100,1,30.0,solved,0.067335,0.021,2731,57,2369,2137,57,1.27796,0,,/home/carsten/Projects/MAPF/MAPF Evaluator/results/tlg-empty32/runs/lg_lacam_fork_lacam/empty-32-32/empty-32-32-random-3_a100_s1_r0,2731,0.021,"{""agents"": ""100"", ""comp_time"": ""21"", ""makespan"": ""57"", ""makespan_lb"": ""57"", ""map_file"": ""empty-32-32.map"", ""seed"": ""1"", ""soc"": ""2731"", ""soc_lb"": ""2137"", ""solved"": ""1"", ""solver"": ""planner"", ""sum_of_loss"": ""2427"", ""sum_of_loss_lb"": ""2137""}"
lg_lacam_fork:lacam_noswap,"LaCAM (no guidance, no PIBT swap)",empty-32-32,empty-32-32-random-3,100,0,30.0,solved,0.067986,0.019,2710,57,2352,2137,57,1.268133,0,,/home/carsten/Projects/MAPF/MAPF Evaluator/results/tlg-empty32/runs/lg_lacam_fork_lacam_noswap/empty-32-32/empty-32-32-random-3_a100_s0_r0,2710,0.019,"{""agents"": ""100"", ""comp_time"": ""19"", ""makespan"": ""57"", ""makespan_lb"": ""57"", ""map_file"": ""empty-32-32.map"", ""seed"": ""0"", ""soc"": ""2710"", ""soc_lb"": ""2137"", ""solved"": ""1"", ""solver"": ""planner"", ""sum_of_loss"": ""2410"", ""sum_of_loss_lb"": ""2137""}"
lg_lacam_fork:lacam_noswap,"LaCAM (no guidance, no PIBT swap)",empty-32-32,empty-32-32-random-3,100,1,30.0,solved,0.068799,0.031,2731,57,2369,2137,57,1.27796,0,,/home/carsten/Projects/MAPF/MAPF Evaluator/results/tlg-empty32/runs/lg_lacam_fork_lacam_noswap/empty-32-32/empty-32-32-random-3_a100_s1_r0,2731,0.031,"{""agents"": ""100"", ""comp_time"": ""31"", ""makespan"": ""57"", ""makespan_lb"": ""57"", ""map_file"": ""empty-32-32.map"", ""seed"": ""1"", ""soc"": ""2731"", ""soc_lb"": ""2137"", ""solved"": ""1"", ""solver"": ""planner"", ""sum_of_loss"": ""2427"", ""sum_of_loss_lb"": ""2137""}"
lg_lacam_fork:suo,LaCAM3 = SUO (first solution),empty-32-32,empty-32-32-random-3,100,0,30.0,solved,0.0509,0.013,2175,57,2173,2137,57,1.017782,0,,/home/carsten/Projects/MAPF/MAPF Evaluator/results/tlg-empty32/runs/lg_lacam_fork_suo/empty-32-32/empty-32-32-random-3_a100_s0_r0,2175,0.013,"{""agents"": ""100"", ""comp_time"": ""13"", ""makespan"": ""57"", ""makespan_lb"": ""57"", ""map_file"": ""empty-32-32.map"", ""seed"": ""0"", ""soc"": ""2175"", ""soc_lb"": ""2137"", ""solved"": ""1"", ""solver"": ""planner"", ""sum_of_loss"": ""2174"", ""sum_of_loss_lb"": ""2137""}"
lg_lacam_fork:lg,"LG-LaCAM (window 20, first solution)",empty-32-32,empty-32-32-random-3,100,0,30.0,solved,0.032719,0.016,2160,57,2160,2137,57,1.010763,0,,/home/carsten/Projects/MAPF/MAPF Evaluator/results/tlg-empty32/runs/lg_lacam_fork_lg/empty-32-32/empty-32-32-random-3_a100_s0_r0,2160,0.016,"{""agents"": ""100"", ""comp_time"": ""16"", ""makespan"": ""57"", ""makespan_lb"": ""57"", ""map_file"": ""empty-32-32.map"", ""seed"": ""0"", ""soc"": ""2160"", ""soc_lb"": ""2137"", ""solved"": ""1"", ""solver"": ""planner"", ""sum_of_loss"": ""2160"", ""sum_of_loss_lb"": ""2137""}"
lg_lacam_fork:suo,LaCAM3 = SUO (first solution),empty-32-32,empty-32-32-random-3,100,1,30.0,solved,0.090108,0.018,2179,57,2179,2137,57,1.019654,0,,/home/carsten/Projects/MAPF/MAPF Evaluator/results/tlg-empty32/runs/lg_lacam_fork_suo/empty-32-32/empty-32-32-random-3_a100_s1_r0,2179,0.018,"{""agents"": ""100"", ""comp_time"": ""18"", ""makespan"": ""57"", ""makespan_lb"": ""57"", ""map_file"": ""empty-32-32.map"", ""seed"": ""1"", ""soc"": ""2179"", ""soc_lb"": ""2137"", ""solved"": ""1"", ""solver"": ""planner"", ""sum_of_loss"": ""2179"", ""sum_of_loss_lb"": ""2137""}"
lg_lacam_fork:lg,"LG-LaCAM (window 20, first solution)",empty-32-32,empty-32-32-random-3,100,1,30.0,solved,0.082581,0.03,2157,57,2157,2137,57,1.009359,0,,/home/carsten/Projects/MAPF/MAPF Evaluator/results/tlg-empty32/runs/lg_lacam_fork_lg/empty-32-32/empty-32-32-random-3_a100_s1_r0,2157,0.03,"{""agents"": ""100"", ""comp_time"": ""30"", ""makespan"": ""57"", ""makespan_lb"": ""57"", ""map_file"": ""empty-32-32.map"", ""seed"": ""1"", ""soc"": ""2157"", ""soc_lb"": ""2137"", ""solved"": ""1"", ""solver"": ""planner"", ""sum_of_loss"": ""2157"", ""sum_of_loss_lb"": ""2137""}"
traffic_load_lacam:vanilla,py-LaCAM (vanilla),empty-32-32,empty-32-32-random-3,100,0,30.0,solved,0.719872,,2819,57,2356,2137,57,1.319139,0,,/home/carsten/Projects/MAPF/MAPF Evaluator/results/tlg-empty32/runs/traffic_load_lacam_vanilla/empty-32-32/empty-32-32-random-3_a100_s0_r0,,,
traffic_load_lacam:vanilla,py-LaCAM (vanilla),empty-32-32,empty-32-32-random-3,100,1,30.0,solved,0.507255,,2704,57,2354,2137,57,1.265325,0,,/home/carsten/Projects/MAPF/MAPF Evaluator/results/tlg-empty32/runs/traffic_load_lacam_vanilla/empty-32-32/empty-32-32-random-3_a100_s1_r0,,,
traffic_load_lacam:tb_step,"py-LaCAM + load (tiebreak, per step)",empty-32-32,empty-32-32-random-3,100,0,30.0,solved,1.213562,,2607,57,2231,2137,57,1.219934,0,,/home/carsten/Projects/MAPF/MAPF Evaluator/results/tlg-empty32/runs/traffic_load_lacam_tb_step/empty-32-32/empty-32-32-random-3_a100_s0_r0,,,
traffic_load_lacam:tb_step,"py-LaCAM + load (tiebreak, per step)",empty-32-32,empty-32-32-random-3,100,1,30.0,solved,1.254136,,2570,57,2229,2137,57,1.20262,0,,/home/carsten/Projects/MAPF/MAPF Evaluator/results/tlg-empty32/runs/traffic_load_lacam_tb_step/empty-32-32/empty-32-32-random-3_a100_s1_r0,,,
traffic_load_lacam:pen01_step,"py-LaCAM + load (penalty 0.1, per step)",empty-32-32,empty-32-32-random-3,100,0,30.0,solved,1.231351,,2607,57,2230,2137,57,1.219934,0,,/home/carsten/Projects/MAPF/MAPF Evaluator/results/tlg-empty32/runs/traffic_load_lacam_pen01_step/empty-32-32/empty-32-32-random-3_a100_s0_r0,,,
traffic_load_lacam:pen01_step,"py-LaCAM + load (penalty 0.1, per step)",empty-32-32,empty-32-32-random-3,100,1,30.0,solved,0.992175,,2553,57,2227,2137,57,1.194665,0,,/home/carsten/Projects/MAPF/MAPF Evaluator/results/tlg-empty32/runs/traffic_load_lacam_pen01_step/empty-32-32/empty-32-32-random-3_a100_s1_r0,,,
lg_lacam_fork:lacam,"LaCAM (no guidance, first solution)",empty-32-32,empty-32-32-random-3,150,0,30.0,solved,0.047738,0.018,4303,57,3615,3135,57,1.372568,0,,/home/carsten/Projects/MAPF/MAPF Evaluator/results/tlg-empty32/runs/lg_lacam_fork_lacam/empty-32-32/empty-32-32-random-3_a150_s0_r0,4303,0.018,"{""agents"": ""150"", ""comp_time"": ""18"", ""makespan"": ""57"", ""makespan_lb"": ""57"", ""map_file"": ""empty-32-32.map"", ""seed"": ""0"", ""soc"": ""4303"", ""soc_lb"": ""3135"", ""solved"": ""1"", ""solver"": ""planner"", ""sum_of_loss"": ""3732"", ""sum_of_loss_lb"": ""3135""}"
lg_lacam_fork:lacam,"LaCAM (no guidance, first solution)",empty-32-32,empty-32-32-random-3,150,1,30.0,solved,0.105516,0.065,4281,57,3597,3135,57,1.36555,0,,/home/carsten/Projects/MAPF/MAPF Evaluator/results/tlg-empty32/runs/lg_lacam_fork_lacam/empty-32-32/empty-32-32-random-3_a150_s1_r0,4281,0.065,"{""agents"": ""150"", ""comp_time"": ""65"", ""makespan"": ""57"", ""makespan_lb"": ""57"", ""map_file"": ""empty-32-32.map"", ""seed"": ""1"", ""soc"": ""4281"", ""soc_lb"": ""3135"", ""solved"": ""1"", ""solver"": ""planner"", ""sum_of_loss"": ""3719"", ""sum_of_loss_lb"": ""3135""}"
lg_lacam_fork:lacam_noswap,"LaCAM (no guidance, no PIBT swap)",empty-32-32,empty-32-32-random-3,150,0,30.0,solved,0.139268,0.037,4303,57,3615,3135,57,1.372568,0,,/home/carsten/Projects/MAPF/MAPF Evaluator/results/tlg-empty32/runs/lg_lacam_fork_lacam_noswap/empty-32-32/empty-32-32-random-3_a150_s0_r0,4303,0.037,"{""agents"": ""150"", ""comp_time"": ""37"", ""makespan"": ""57"", ""makespan_lb"": ""57"", ""map_file"": ""empty-32-32.map"", ""seed"": ""0"", ""soc"": ""4303"", ""soc_lb"": ""3135"", ""solved"": ""1"", ""solver"": ""planner"", ""sum_of_loss"": ""3732"", ""sum_of_loss_lb"": ""3135""}"
lg_lacam_fork:lacam_noswap,"LaCAM (no guidance, no PIBT swap)",empty-32-32,empty-32-32-random-3,150,1,30.0,solved,0.063404,0.013,4281,57,3597,3135,57,1.36555,0,,/home/carsten/Projects/MAPF/MAPF Evaluator/results/tlg-empty32/runs/lg_lacam_fork_lacam_noswap/empty-32-32/empty-32-32-random-3_a150_s1_r0,4281,0.013,"{""agents"": ""150"", ""comp_time"": ""13"", ""makespan"": ""57"", ""makespan_lb"": ""57"", ""map_file"": ""empty-32-32.map"", ""seed"": ""1"", ""soc"": ""4281"", ""soc_lb"": ""3135"", ""solved"": ""1"", ""solver"": ""planner"", ""sum_of_loss"": ""3719"", ""sum_of_loss_lb"": ""3135""}"
lg_lacam_fork:suo,LaCAM3 = SUO (first solution),empty-32-32,empty-32-32-random-3,150,0,30.0,solved,0.079931,0.039,3369,57,3276,3135,57,1.074641,0,,/home/carsten/Projects/MAPF/MAPF Evaluator/results/tlg-empty32/runs/lg_lacam_fork_suo/empty-32-32/empty-32-32-random-3_a150_s0_r0,3369,0.039,"{""agents"": ""150"", ""comp_time"": ""39"", ""makespan"": ""57"", ""makespan_lb"": ""57"", ""map_file"": ""empty-32-32.map"", ""seed"": ""0"", ""soc"": ""3369"", ""soc_lb"": ""3135"", ""solved"": ""1"", ""solver"": ""planner"", ""sum_of_loss"": ""3285"", ""sum_of_loss_lb"": ""3135""}"
lg_lacam_fork:suo,LaCAM3 = SUO (first solution),empty-32-32,empty-32-32-random-3,150,1,30.0,solved,0.115988,0.055,3387,57,3274,3135,57,1.080383,0,,/home/carsten/Projects/MAPF/MAPF Evaluator/results/tlg-empty32/runs/lg_lacam_fork_suo/empty-32-32/empty-32-32-random-3_a150_s1_r0,3387,0.055,"{""agents"": ""150"", ""comp_time"": ""55"", ""makespan"": ""57"", ""makespan_lb"": ""57"", ""map_file"": ""empty-32-32.map"", ""seed"": ""1"", ""soc"": ""3387"", ""soc_lb"": ""3135"", ""solved"": ""1"", ""solver"": ""planner"", ""sum_of_loss"": ""3286"", ""sum_of_loss_lb"": ""3135""}"
lg_lacam_fork:lg,"LG-LaCAM (window 20, first solution)",empty-32-32,empty-32-32-random-3,150,0,30.0,solved,0.103523,0.047,3171,57,3170,3135,57,1.011483,0,,/home/carsten/Projects/MAPF/MAPF Evaluator/results/tlg-empty32/runs/lg_lacam_fork_lg/empty-32-32/empty-32-32-random-3_a150_s0_r0,3171,0.047,"{""agents"": ""150"", ""comp_time"": ""47"", ""makespan"": ""57"", ""makespan_lb"": ""57"", ""map_file"": ""empty-32-32.map"", ""seed"": ""0"", ""soc"": ""3171"", ""soc_lb"": ""3135"", ""solved"": ""1"", ""solver"": ""planner"", ""sum_of_loss"": ""3171"", ""sum_of_loss_lb"": ""3135""}"
lg_lacam_fork:lg,"LG-LaCAM (window 20, first solution)",empty-32-32,empty-32-32-random-3,150,1,30.0,solved,0.101596,0.059,3178,57,3174,3135,57,1.013716,0,,/home/carsten/Projects/MAPF/MAPF Evaluator/results/tlg-empty32/runs/lg_lacam_fork_lg/empty-32-32/empty-32-32-random-3_a150_s1_r0,3178,0.059,"{""agents"": ""150"", ""comp_time"": ""59"", ""makespan"": ""57"", ""makespan_lb"": ""57"", ""map_file"": ""empty-32-32.map"", ""seed"": ""1"", ""soc"": ""3178"", ""soc_lb"": ""3135"", ""solved"": ""1"", ""solver"": ""planner"", ""sum_of_loss"": ""3175"", ""sum_of_loss_lb"": ""3135""}"
traffic_load_lacam:vanilla,py-LaCAM (vanilla),empty-32-32,empty-32-32-random-3,150,0,30.0,solved,0.61829,,4153,57,3565,3135,57,1.324721,0,,/home/carsten/Projects/MAPF/MAPF Evaluator/results/tlg-empty32/runs/traffic_load_lacam_vanilla/empty-32-32/empty-32-32-random-3_a150_s0_r0,,,
traffic_load_lacam:vanilla,py-LaCAM (vanilla),empty-32-32,empty-32-32-random-3,150,1,30.0,solved,0.744516,,4301,57,3656,3135,57,1.37193,0,,/home/carsten/Projects/MAPF/MAPF Evaluator/results/tlg-empty32/runs/traffic_load_lacam_vanilla/empty-32-32/empty-32-32-random-3_a150_s1_r0,,,
traffic_load_lacam:tb_step,"py-LaCAM + load (tiebreak, per step)",empty-32-32,empty-32-32-random-3,150,0,30.0,solved,1.514849,,3895,57,3397,3135,57,1.242424,0,,/home/carsten/Projects/MAPF/MAPF Evaluator/results/tlg-empty32/runs/traffic_load_lacam_tb_step/empty-32-32/empty-32-32-random-3_a150_s0_r0,,,
traffic_load_lacam:tb_step,"py-LaCAM + load (tiebreak, per step)",empty-32-32,empty-32-32-random-3,150,1,30.0,solved,1.350913,,4030,57,3388,3135,57,1.285486,0,,/home/carsten/Projects/MAPF/MAPF Evaluator/results/tlg-empty32/runs/traffic_load_lacam_tb_step/empty-32-32/empty-32-32-random-3_a150_s1_r0,,,
traffic_load_lacam:pen01_step,"py-LaCAM + load (penalty 0.1, per step)",empty-32-32,empty-32-32-random-3,150,0,30.0,solved,1.44612,,4009,57,3403,3135,57,1.278788,0,,/home/carsten/Projects/MAPF/MAPF Evaluator/results/tlg-empty32/runs/traffic_load_lacam_pen01_step/empty-32-32/empty-32-32-random-3_a150_s0_r0,,,
traffic_load_lacam:pen01_step,"py-LaCAM + load (penalty 0.1, per step)",empty-32-32,empty-32-32-random-3,150,1,30.0,solved,1.481196,,4024,57,3377,3135,57,1.283573,0,,/home/carsten/Projects/MAPF/MAPF Evaluator/results/tlg-empty32/runs/traffic_load_lacam_pen01_step/empty-32-32/empty-32-32-random-3_a150_s1_r0,,,
lg_lacam_fork:lacam,"LaCAM (no guidance, first solution)",empty-32-32,empty-32-32-random-4,50,0,30.0,solved,0.042672,0.008,1186,45,1042,981,44,1.20897,0,,/home/carsten/Projects/MAPF/MAPF Evaluator/results/tlg-empty32/runs/lg_lacam_fork_lacam/empty-32-32/empty-32-32-random-4_a50_s0_r0,1186,0.008,"{""agents"": ""50"", ""comp_time"": ""8"", ""makespan"": ""45"", ""makespan_lb"": ""44"", ""map_file"": ""empty-32-32.map"", ""seed"": ""0"", ""soc"": ""1186"", ""soc_lb"": ""981"", ""solved"": ""1"", ""solver"": ""planner"", ""sum_of_loss"": ""1056"", ""sum_of_loss_lb"": ""981""}"
lg_lacam_fork:lacam,"LaCAM (no guidance, first solution)",empty-32-32,empty-32-32-random-4,50,1,30.0,solved,0.020169,0.003,1188,45,1047,981,44,1.211009,0,,/home/carsten/Projects/MAPF/MAPF Evaluator/results/tlg-empty32/runs/lg_lacam_fork_lacam/empty-32-32/empty-32-32-random-4_a50_s1_r0,1188,0.003,"{""agents"": ""50"", ""comp_time"": ""3"", ""makespan"": ""45"", ""makespan_lb"": ""44"", ""map_file"": ""empty-32-32.map"", ""seed"": ""1"", ""soc"": ""1188"", ""soc_lb"": ""981"", ""solved"": ""1"", ""solver"": ""planner"", ""sum_of_loss"": ""1068"", ""sum_of_loss_lb"": ""981""}"
lg_lacam_fork:lacam_noswap,"LaCAM (no guidance, no PIBT swap)",empty-32-32,empty-32-32-random-4,50,0,30.0,solved,0.055113,0.011,1186,45,1042,981,44,1.20897,0,,/home/carsten/Projects/MAPF/MAPF Evaluator/results/tlg-empty32/runs/lg_lacam_fork_lacam_noswap/empty-32-32/empty-32-32-random-4_a50_s0_r0,1186,0.011,"{""agents"": ""50"", ""comp_time"": ""11"", ""makespan"": ""45"", ""makespan_lb"": ""44"", ""map_file"": ""empty-32-32.map"", ""seed"": ""0"", ""soc"": ""1186"", ""soc_lb"": ""981"", ""solved"": ""1"", ""solver"": ""planner"", ""sum_of_loss"": ""1056"", ""sum_of_loss_lb"": ""981""}"
lg_lacam_fork:lacam_noswap,"LaCAM (no guidance, no PIBT swap)",empty-32-32,empty-32-32-random-4,50,1,30.0,solved,0.022041,0.006,1188,45,1047,981,44,1.211009,0,,/home/carsten/Projects/MAPF/MAPF Evaluator/results/tlg-empty32/runs/lg_lacam_fork_lacam_noswap/empty-32-32/empty-32-32-random-4_a50_s1_r0,1188,0.006,"{""agents"": ""50"", ""comp_time"": ""6"", ""makespan"": ""45"", ""makespan_lb"": ""44"", ""map_file"": ""empty-32-32.map"", ""seed"": ""1"", ""soc"": ""1188"", ""soc_lb"": ""981"", ""solved"": ""1"", ""solver"": ""planner"", ""sum_of_loss"": ""1068"", ""sum_of_loss_lb"": ""981""}"
lg_lacam_fork:suo,LaCAM3 = SUO (first solution),empty-32-32,empty-32-32-random-4,50,0,30.0,solved,0.050811,0.004,991,44,991,981,44,1.010194,0,,/home/carsten/Projects/MAPF/MAPF Evaluator/results/tlg-empty32/runs/lg_lacam_fork_suo/empty-32-32/empty-32-32-random-4_a50_s0_r0,991,0.004,"{""agents"": ""50"", ""comp_time"": ""4"", ""makespan"": ""44"", ""makespan_lb"": ""44"", ""map_file"": ""empty-32-32.map"", ""seed"": ""0"", ""soc"": ""991"", ""soc_lb"": ""981"", ""solved"": ""1"", ""solver"": ""planner"", ""sum_of_loss"": ""991"", ""sum_of_loss_lb"": ""981""}"
lg_lacam_fork:suo,LaCAM3 = SUO (first solution),empty-32-32,empty-32-32-random-4,50,1,30.0,solved,0.035743,0.006,987,44,987,981,44,1.006116,0,,/home/carsten/Projects/MAPF/MAPF Evaluator/results/tlg-empty32/runs/lg_lacam_fork_suo/empty-32-32/empty-32-32-random-4_a50_s1_r0,987,0.006,"{""agents"": ""50"", ""comp_time"": ""6"", ""makespan"": ""44"", ""makespan_lb"": ""44"", ""map_file"": ""empty-32-32.map"", ""seed"": ""1"", ""soc"": ""987"", ""soc_lb"": ""981"", ""solved"": ""1"", ""solver"": ""planner"", ""sum_of_loss"": ""987"", ""sum_of_loss_lb"": ""981""}"
lg_lacam_fork:lg,"LG-LaCAM (window 20, first solution)",empty-32-32,empty-32-32-random-4,50,0,30.0,solved,0.050237,0.021,985,44,985,981,44,1.004077,0,,/home/carsten/Projects/MAPF/MAPF Evaluator/results/tlg-empty32/runs/lg_lacam_fork_lg/empty-32-32/empty-32-32-random-4_a50_s0_r0,985,0.021,"{""agents"": ""50"", ""comp_time"": ""21"", ""makespan"": ""44"", ""makespan_lb"": ""44"", ""map_file"": ""empty-32-32.map"", ""seed"": ""0"", ""soc"": ""985"", ""soc_lb"": ""981"", ""solved"": ""1"", ""solver"": ""planner"", ""sum_of_loss"": ""985"", ""sum_of_loss_lb"": ""981""}"
lg_lacam_fork:lg,"LG-LaCAM (window 20, first solution)",empty-32-32,empty-32-32-random-4,50,1,30.0,solved,0.037707,0.018,983,44,983,981,44,1.002039,0,,/home/carsten/Projects/MAPF/MAPF Evaluator/results/tlg-empty32/runs/lg_lacam_fork_lg/empty-32-32/empty-32-32-random-4_a50_s1_r0,983,0.018,"{""agents"": ""50"", ""comp_time"": ""18"", ""makespan"": ""44"", ""makespan_lb"": ""44"", ""map_file"": ""empty-32-32.map"", ""seed"": ""1"", ""soc"": ""983"", ""soc_lb"": ""981"", ""solved"": ""1"", ""solver"": ""planner"", ""sum_of_loss"": ""983"", ""sum_of_loss_lb"": ""981""}"
traffic_load_lacam:vanilla,py-LaCAM (vanilla),empty-32-32,empty-32-32-random-4,50,1,30.0,solved,0.318747,,1179,44,1031,981,44,1.201835,0,,/home/carsten/Projects/MAPF/MAPF Evaluator/results/tlg-empty32/runs/traffic_load_lacam_vanilla/empty-32-32/empty-32-32-random-4_a50_s1_r0,,,
traffic_load_lacam:vanilla,py-LaCAM (vanilla),empty-32-32,empty-32-32-random-4,50,0,30.0,solved,0.430746,,1108,45,1061,981,44,1.12946,0,,/home/carsten/Projects/MAPF/MAPF Evaluator/results/tlg-empty32/runs/traffic_load_lacam_vanilla/empty-32-32/empty-32-32-random-4_a50_s0_r0,,,
traffic_load_lacam:tb_step,"py-LaCAM + load (tiebreak, per step)",empty-32-32,empty-32-32-random-4,50,0,30.0,solved,0.668035,,1030,44,992,981,44,1.049949,0,,/home/carsten/Projects/MAPF/MAPF Evaluator/results/tlg-empty32/runs/traffic_load_lacam_tb_step/empty-32-32/empty-32-32-random-4_a50_s0_r0,,,
traffic_load_lacam:tb_step,"py-LaCAM + load (tiebreak, per step)",empty-32-32,empty-32-32-random-4,50,1,30.0,solved,0.681136,,1027,44,993,981,44,1.046891,0,,/home/carsten/Projects/MAPF/MAPF Evaluator/results/tlg-empty32/runs/traffic_load_lacam_tb_step/empty-32-32/empty-32-32-random-4_a50_s1_r0,,,
traffic_load_lacam:pen01_step,"py-LaCAM + load (penalty 0.1, per step)",empty-32-32,empty-32-32-random-4,50,0,30.0,solved,0.48228,,1030,44,990,981,44,1.049949,0,,/home/carsten/Projects/MAPF/MAPF Evaluator/results/tlg-empty32/runs/traffic_load_lacam_pen01_step/empty-32-32/empty-32-32-random-4_a50_s0_r0,,,
traffic_load_lacam:pen01_step,"py-LaCAM + load (penalty 0.1, per step)",empty-32-32,empty-32-32-random-4,50,1,30.0,solved,0.488617,,1026,44,992,981,44,1.045872,0,,/home/carsten/Projects/MAPF/MAPF Evaluator/results/tlg-empty32/runs/traffic_load_lacam_pen01_step/empty-32-32/empty-32-32-random-4_a50_s1_r0,,,
lg_lacam_fork:lacam,"LaCAM (no guidance, first solution)",empty-32-32,empty-32-32-random-4,100,0,30.0,solved,0.009097,0.003,2578,45,2269,2062,45,1.250242,0,,/home/carsten/Projects/MAPF/MAPF Evaluator/results/tlg-empty32/runs/lg_lacam_fork_lacam/empty-32-32/empty-32-32-random-4_a100_s0_r0,2578,0.003,"{""agents"": ""100"", ""comp_time"": ""3"", ""makespan"": ""45"", ""makespan_lb"": ""45"", ""map_file"": ""empty-32-32.map"", ""seed"": ""0"", ""soc"": ""2578"", ""soc_lb"": ""2062"", ""solved"": ""1"", ""solver"": ""planner"", ""sum_of_loss"": ""2322"", ""sum_of_loss_lb"": ""2062""}"
lg_lacam_fork:lacam,"LaCAM (no guidance, first solution)",empty-32-32,empty-32-32-random-4,100,1,30.0,solved,0.037339,0.003,2553,45,2275,2062,45,1.238118,0,,/home/carsten/Projects/MAPF/MAPF Evaluator/results/tlg-empty32/runs/lg_lacam_fork_lacam/empty-32-32/empty-32-32-random-4_a100_s1_r0,2553,0.003,"{""agents"": ""100"", ""comp_time"": ""3"", ""makespan"": ""45"", ""makespan_lb"": ""45"", ""map_file"": ""empty-32-32.map"", ""seed"": ""1"", ""soc"": ""2553"", ""soc_lb"": ""2062"", ""solved"": ""1"", ""solver"": ""planner"", ""sum_of_loss"": ""2318"", ""sum_of_loss_lb"": ""2062""}"
lg_lacam_fork:lacam_noswap,"LaCAM (no guidance, no PIBT swap)",empty-32-32,empty-32-32-random-4,100,0,30.0,solved,0.036396,0.003,2578,45,2269,2062,45,1.250242,0,,/home/carsten/Projects/MAPF/MAPF Evaluator/results/tlg-empty32/runs/lg_lacam_fork_lacam_noswap/empty-32-32/empty-32-32-random-4_a100_s0_r0,2578,0.003,"{""agents"": ""100"", ""comp_time"": ""3"", ""makespan"": ""45"", ""makespan_lb"": ""45"", ""map_file"": ""empty-32-32.map"", ""seed"": ""0"", ""soc"": ""2578"", ""soc_lb"": ""2062"", ""solved"": ""1"", ""solver"": ""planner"", ""sum_of_loss"": ""2322"", ""sum_of_loss_lb"": ""2062""}"
lg_lacam_fork:lacam_noswap,"LaCAM (no guidance, no PIBT swap)",empty-32-32,empty-32-32-random-4,100,1,30.0,solved,0.026117,0.002,2553,45,2275,2062,45,1.238118,0,,/home/carsten/Projects/MAPF/MAPF Evaluator/results/tlg-empty32/runs/lg_lacam_fork_lacam_noswap/empty-32-32/empty-32-32-random-4_a100_s1_r0,2553,0.002,"{""agents"": ""100"", ""comp_time"": ""2"", ""makespan"": ""45"", ""makespan_lb"": ""45"", ""map_file"": ""empty-32-32.map"", ""seed"": ""1"", ""soc"": ""2553"", ""soc_lb"": ""2062"", ""solved"": ""1"", ""solver"": ""planner"", ""sum_of_loss"": ""2318"", ""sum_of_loss_lb"": ""2062""}"
lg_lacam_fork:suo,LaCAM3 = SUO (first solution),empty-32-32,empty-32-32-random-4,100,0,30.0,solved,0.03162,0.004,2144,45,2123,2062,45,1.039767,0,,/home/carsten/Projects/MAPF/MAPF Evaluator/results/tlg-empty32/runs/lg_lacam_fork_suo/empty-32-32/empty-32-32-random-4_a100_s0_r0,2144,0.004,"{""agents"": ""100"", ""comp_time"": ""4"", ""makespan"": ""45"", ""makespan_lb"": ""45"", ""map_file"": ""empty-32-32.map"", ""seed"": ""0"", ""soc"": ""2144"", ""soc_lb"": ""2062"", ""solved"": ""1"", ""solver"": ""planner"", ""sum_of_loss"": ""2129"", ""sum_of_loss_lb"": ""2062""}"
lg_lacam_fork:suo,LaCAM3 = SUO (first solution),empty-32-32,empty-32-32-random-4,100,1,30.0,solved,0.023358,0.004,2106,45,2106,2062,45,1.021339,0,,/home/carsten/Projects/MAPF/MAPF Evaluator/results/tlg-empty32/runs/lg_lacam_fork_suo/empty-32-32/empty-32-32-random-4_a100_s1_r0,2106,0.004,"{""agents"": ""100"", ""comp_time"": ""4"", ""makespan"": ""45"", ""makespan_lb"": ""45"", ""map_file"": ""empty-32-32.map"", ""seed"": ""1"", ""soc"": ""2106"", ""soc_lb"": ""2062"", ""solved"": ""1"", ""solver"": ""planner"", ""sum_of_loss"": ""2106"", ""sum_of_loss_lb"": ""2062""}"
lg_lacam_fork:lg,"LG-LaCAM (window 20, first solution)",empty-32-32,empty-32-32-random-4,100,0,30.0,solved,0.030845,0.009,2077,45,2077,2062,45,1.007274,0,,/home/carsten/Projects/MAPF/MAPF Evaluator/results/tlg-empty32/runs/lg_lacam_fork_lg/empty-32-32/empty-32-32-random-4_a100_s0_r0,2077,0.009,"{""agents"": ""100"", ""comp_time"": ""9"", ""makespan"": ""45"", ""makespan_lb"": ""45"", ""map_file"": ""empty-32-32.map"", ""seed"": ""0"", ""soc"": ""2077"", ""soc_lb"": ""2062"", ""solved"": ""1"", ""solver"": ""planner"", ""sum_of_loss"": ""2077"", ""sum_of_loss_lb"": ""2062""}"
lg_lacam_fork:lg,"LG-LaCAM (window 20, first solution)",empty-32-32,empty-32-32-random-4,100,1,30.0,solved,0.019126,0.011,2078,45,2078,2062,45,1.007759,0,,/home/carsten/Projects/MAPF/MAPF Evaluator/results/tlg-empty32/runs/lg_lacam_fork_lg/empty-32-32/empty-32-32-random-4_a100_s1_r0,2078,0.011,"{""agents"": ""100"", ""comp_time"": ""11"", ""makespan"": ""45"", ""makespan_lb"": ""45"", ""map_file"": ""empty-32-32.map"", ""seed"": ""1"", ""soc"": ""2078"", ""soc_lb"": ""2062"", ""solved"": ""1"", ""solver"": ""planner"", ""sum_of_loss"": ""2078"", ""sum_of_loss_lb"": ""2062""}"
traffic_load_lacam:vanilla,py-LaCAM (vanilla),empty-32-32,empty-32-32-random-4,100,1,30.0,solved,0.214528,,2532,45,2255,2062,45,1.227934,0,,/home/carsten/Projects/MAPF/MAPF Evaluator/results/tlg-empty32/runs/traffic_load_lacam_vanilla/empty-32-32/empty-32-32-random-4_a100_s1_r0,,,
traffic_load_lacam:vanilla,py-LaCAM (vanilla),empty-32-32,empty-32-32-random-4,100,0,30.0,solved,0.230866,,2516,45,2284,2062,45,1.220175,0,,/home/carsten/Projects/MAPF/MAPF Evaluator/results/tlg-empty32/runs/traffic_load_lacam_vanilla/empty-32-32/empty-32-32-random-4_a100_s0_r0,,,
traffic_load_lacam:tb_step,"py-LaCAM + load (tiebreak, per step)",empty-32-32,empty-32-32-random-4,100,0,30.0,solved,0.572234,,2389,45,2169,2062,45,1.158584,0,,/home/carsten/Projects/MAPF/MAPF Evaluator/results/tlg-empty32/runs/traffic_load_lacam_tb_step/empty-32-32/empty-32-32-random-4_a100_s0_r0,,,
traffic_load_lacam:tb_step,"py-LaCAM + load (tiebreak, per step)",empty-32-32,empty-32-32-random-4,100,1,30.0,solved,0.623345,,2446,45,2165,2062,45,1.186227,0,,/home/carsten/Projects/MAPF/MAPF Evaluator/results/tlg-empty32/runs/traffic_load_lacam_tb_step/empty-32-32/empty-32-32-random-4_a100_s1_r0,,,
traffic_load_lacam:pen01_step,"py-LaCAM + load (penalty 0.1, per step)",empty-32-32,empty-32-32-random-4,100,1,30.0,solved,0.866399,,2446,45,2165,2062,45,1.186227,0,,/home/carsten/Projects/MAPF/MAPF Evaluator/results/tlg-empty32/runs/traffic_load_lacam_pen01_step/empty-32-32/empty-32-32-random-4_a100_s1_r0,,,
traffic_load_lacam:pen01_step,"py-LaCAM + load (penalty 0.1, per step)",empty-32-32,empty-32-32-random-4,100,0,30.0,solved,1.054096,,2383,45,2162,2062,45,1.155674,0,,/home/carsten/Projects/MAPF/MAPF Evaluator/results/tlg-empty32/runs/traffic_load_lacam_pen01_step/empty-32-32/empty-32-32-random-4_a100_s0_r0,,,
lg_lacam_fork:lacam,"LaCAM (no guidance, first solution)",empty-32-32,empty-32-32-random-4,150,0,30.0,solved,0.06654,0.017,4321,47,3672,3107,47,1.390731,0,,/home/carsten/Projects/MAPF/MAPF Evaluator/results/tlg-empty32/runs/lg_lacam_fork_lacam/empty-32-32/empty-32-32-random-4_a150_s0_r0,4321,0.017,"{""agents"": ""150"", ""comp_time"": ""17"", ""makespan"": ""47"", ""makespan_lb"": ""47"", ""map_file"": ""empty-32-32.map"", ""seed"": ""0"", ""soc"": ""4321"", ""soc_lb"": ""3107"", ""solved"": ""1"", ""solver"": ""planner"", ""sum_of_loss"": ""3785"", ""sum_of_loss_lb"": ""3107""}"
lg_lacam_fork:lacam,"LaCAM (no guidance, first solution)",empty-32-32,empty-32-32-random-4,150,1,30.0,solved,0.039362,0.011,4238,48,3653,3107,47,1.364017,0,,/home/carsten/Projects/MAPF/MAPF Evaluator/results/tlg-empty32/runs/lg_lacam_fork_lacam/empty-32-32/empty-32-32-random-4_a150_s1_r0,4238,0.011,"{""agents"": ""150"", ""comp_time"": ""11"", ""makespan"": ""48"", ""makespan_lb"": ""47"", ""map_file"": ""empty-32-32.map"", ""seed"": ""1"", ""soc"": ""4238"", ""soc_lb"": ""3107"", ""solved"": ""1"", ""solver"": ""planner"", ""sum_of_loss"": ""3758"", ""sum_of_loss_lb"": ""3107""}"
lg_lacam_fork:lacam_noswap,"LaCAM (no guidance, no PIBT swap)",empty-32-32,empty-32-32-random-4,150,0,30.0,solved,0.041276,0.012,4321,47,3672,3107,47,1.390731,0,,/home/carsten/Projects/MAPF/MAPF Evaluator/results/tlg-empty32/runs/lg_lacam_fork_lacam_noswap/empty-32-32/empty-32-32-random-4_a150_s0_r0,4321,0.012,"{""agents"": ""150"", ""comp_time"": ""12"", ""makespan"": ""47"", ""makespan_lb"": ""47"", ""map_file"": ""empty-32-32.map"", ""seed"": ""0"", ""soc"": ""4321"", ""soc_lb"": ""3107"", ""solved"": ""1"", ""solver"": ""planner"", ""sum_of_loss"": ""3785"", ""sum_of_loss_lb"": ""3107""}"
lg_lacam_fork:lacam_noswap,"LaCAM (no guidance, no PIBT swap)",empty-32-32,empty-32-32-random-4,150,1,30.0,solved,0.041904,0.015,4238,48,3653,3107,47,1.364017,0,,/home/carsten/Projects/MAPF/MAPF Evaluator/results/tlg-empty32/runs/lg_lacam_fork_lacam_noswap/empty-32-32/empty-32-32-random-4_a150_s1_r0,4238,0.015,"{""agents"": ""150"", ""comp_time"": ""15"", ""makespan"": ""48"", ""makespan_lb"": ""47"", ""map_file"": ""empty-32-32.map"", ""seed"": ""1"", ""soc"": ""4238"", ""soc_lb"": ""3107"", ""solved"": ""1"", ""solver"": ""planner"", ""sum_of_loss"": ""3758"", ""sum_of_loss_lb"": ""3107""}"
lg_lacam_fork:suo,LaCAM3 = SUO (first solution),empty-32-32,empty-32-32-random-4,150,0,30.0,solved,0.041562,0.016,3365,47,3298,3107,47,1.083038,0,,/home/carsten/Projects/MAPF/MAPF Evaluator/results/tlg-empty32/runs/lg_lacam_fork_suo/empty-32-32/empty-32-32-random-4_a150_s0_r0,3365,0.016,"{""agents"": ""150"", ""comp_time"": ""16"", ""makespan"": ""47"", ""makespan_lb"": ""47"", ""map_file"": ""empty-32-32.map"", ""seed"": ""0"", ""soc"": ""3365"", ""soc_lb"": ""3107"", ""solved"": ""1"", ""solver"": ""planner"", ""sum_of_loss"": ""3312"", ""sum_of_loss_lb"": ""3107""}"
lg_lacam_fork:suo,LaCAM3 = SUO (first solution),empty-32-32,empty-32-32-random-4,150,1,30.0,solved,0.065189,0.018,3296,47,3264,3107,47,1.06083,0,,/home/carsten/Projects/MAPF/MAPF Evaluator/results/tlg-empty32/runs/lg_lacam_fork_suo/empty-32-32/empty-32-32-random-4_a150_s1_r0,3296,0.018,"{""agents"": ""150"", ""comp_time"": ""18"", ""makespan"": ""47"", ""makespan_lb"": ""47"", ""map_file"": ""empty-32-32.map"", ""seed"": ""1"", ""soc"": ""3296"", ""soc_lb"": ""3107"", ""solved"": ""1"", ""solver"": ""planner"", ""sum_of_loss"": ""3268"", ""sum_of_loss_lb"": ""3107""}"
lg_lacam_fork:lg,"LG-LaCAM (window 20, first solution)",empty-32-32,empty-32-32-random-4,150,0,30.0,solved,0.134941,0.057,3176,47,3170,3107,47,1.022208,0,,/home/carsten/Projects/MAPF/MAPF Evaluator/results/tlg-empty32/runs/lg_lacam_fork_lg/empty-32-32/empty-32-32-random-4_a150_s0_r0,3176,0.057,"{""agents"": ""150"", ""comp_time"": ""57"", ""makespan"": ""47"", ""makespan_lb"": ""47"", ""map_file"": ""empty-32-32.map"", ""seed"": ""0"", ""soc"": ""3176"", ""soc_lb"": ""3107"", ""solved"": ""1"", ""solver"": ""planner"", ""sum_of_loss"": ""3172"", ""sum_of_loss_lb"": ""3107""}"
lg_lacam_fork:lg,"LG-LaCAM (window 20, first solution)",empty-32-32,empty-32-32-random-4,150,1,30.0,solved,0.116306,0.061,3183,47,3177,3107,47,1.024461,0,,/home/carsten/Projects/MAPF/MAPF Evaluator/results/tlg-empty32/runs/lg_lacam_fork_lg/empty-32-32/empty-32-32-random-4_a150_s1_r0,3183,0.061,"{""agents"": ""150"", ""comp_time"": ""61"", ""makespan"": ""47"", ""makespan_lb"": ""47"", ""map_file"": ""empty-32-32.map"", ""seed"": ""1"", ""soc"": ""3183"", ""soc_lb"": ""3107"", ""solved"": ""1"", ""solver"": ""planner"", ""sum_of_loss"": ""3178"", ""sum_of_loss_lb"": ""3107""}"
traffic_load_lacam:vanilla,py-LaCAM (vanilla),empty-32-32,empty-32-32-random-4,150,0,30.0,solved,0.667035,,4299,47,3587,3107,47,1.38365,0,,/home/carsten/Projects/MAPF/MAPF Evaluator/results/tlg-empty32/runs/traffic_load_lacam_vanilla/empty-32-32/empty-32-32-random-4_a150_s0_r0,,,
traffic_load_lacam:vanilla,py-LaCAM (vanilla),empty-32-32,empty-32-32-random-4,150,1,30.0,solved,0.665209,,4246,47,3636,3107,47,1.366592,0,,/home/carsten/Projects/MAPF/MAPF Evaluator/results/tlg-empty32/runs/traffic_load_lacam_vanilla/empty-32-32/empty-32-32-random-4_a150_s1_r0,,,
traffic_load_lacam:tb_step,"py-LaCAM + load (tiebreak, per step)",empty-32-32,empty-32-32-random-4,150,0,30.0,solved,1.664057,,3964,47,3417,3107,47,1.275829,0,,/home/carsten/Projects/MAPF/MAPF Evaluator/results/tlg-empty32/runs/traffic_load_lacam_tb_step/empty-32-32/empty-32-32-random-4_a150_s0_r0,,,
traffic_load_lacam:tb_step,"py-LaCAM + load (tiebreak, per step)",empty-32-32,empty-32-32-random-4,150,1,30.0,solved,1.516032,,3854,47,3393,3107,47,1.240425,0,,/home/carsten/Projects/MAPF/MAPF Evaluator/results/tlg-empty32/runs/traffic_load_lacam_tb_step/empty-32-32/empty-32-32-random-4_a150_s1_r0,,,
traffic_load_lacam:pen01_step,"py-LaCAM + load (penalty 0.1, per step)",empty-32-32,empty-32-32-random-4,150,0,30.0,solved,1.835281,,3948,47,3416,3107,47,1.270679,0,,/home/carsten/Projects/MAPF/MAPF Evaluator/results/tlg-empty32/runs/traffic_load_lacam_pen01_step/empty-32-32/empty-32-32-random-4_a150_s0_r0,,,
lg_lacam_fork:lacam,"LaCAM (no guidance, first solution)",empty-32-32,empty-32-32-random-5,50,0,30.0,solved,0.03583,0.009,1427,53,1261,1160,53,1.230172,0,,/home/carsten/Projects/MAPF/MAPF Evaluator/results/tlg-empty32/runs/lg_lacam_fork_lacam/empty-32-32/empty-32-32-random-5_a50_s0_r0,1427,0.009,"{""agents"": ""50"", ""comp_time"": ""9"", ""makespan"": ""53"", ""makespan_lb"": ""53"", ""map_file"": ""empty-32-32.map"", ""seed"": ""0"", ""soc"": ""1427"", ""soc_lb"": ""1160"", ""solved"": ""1"", ""solver"": ""planner"", ""sum_of_loss"": ""1289"", ""sum_of_loss_lb"": ""1160""}"
traffic_load_lacam:pen01_step,"py-LaCAM + load (penalty 0.1, per step)",empty-32-32,empty-32-32-random-4,150,1,30.0,solved,1.648096,,3853,47,3393,3107,47,1.240103,0,,/home/carsten/Projects/MAPF/MAPF Evaluator/results/tlg-empty32/runs/traffic_load_lacam_pen01_step/empty-32-32/empty-32-32-random-4_a150_s1_r0,,,
lg_lacam_fork:lacam,"LaCAM (no guidance, first solution)",empty-32-32,empty-32-32-random-5,50,1,30.0,solved,0.060106,0.005,1368,53,1227,1160,53,1.17931,0,,/home/carsten/Projects/MAPF/MAPF Evaluator/results/tlg-empty32/runs/lg_lacam_fork_lacam/empty-32-32/empty-32-32-random-5_a50_s1_r0,1368,0.005,"{""agents"": ""50"", ""comp_time"": ""5"", ""makespan"": ""53"", ""makespan_lb"": ""53"", ""map_file"": ""empty-32-32.map"", ""seed"": ""1"", ""soc"": ""1368"", ""soc_lb"": ""1160"", ""solved"": ""1"", ""solver"": ""planner"", ""sum_of_loss"": ""1246"", ""sum_of_loss_lb"": ""1160""}"
lg_lacam_fork:lacam_noswap,"LaCAM (no guidance, no PIBT swap)",empty-32-32,empty-32-32-random-5,50,0,30.0,solved,0.053627,0.011,1427,53,1261,1160,53,1.230172,0,,/home/carsten/Projects/MAPF/MAPF Evaluator/results/tlg-empty32/runs/lg_lacam_fork_lacam_noswap/empty-32-32/empty-32-32-random-5_a50_s0_r0,1427,0.011,"{""agents"": ""50"", ""comp_time"": ""11"", ""makespan"": ""53"", ""makespan_lb"": ""53"", ""map_file"": ""empty-32-32.map"", ""seed"": ""0"", ""soc"": ""1427"", ""soc_lb"": ""1160"", ""solved"": ""1"", ""solver"": ""planner"", ""sum_of_loss"": ""1289"", ""sum_of_loss_lb"": ""1160""}"
lg_lacam_fork:lacam_noswap,"LaCAM (no guidance, no PIBT swap)",empty-32-32,empty-32-32-random-5,50,1,30.0,solved,0.026947,0.007,1368,53,1227,1160,53,1.17931,0,,/home/carsten/Projects/MAPF/MAPF Evaluator/results/tlg-empty32/runs/lg_lacam_fork_lacam_noswap/empty-32-32/empty-32-32-random-5_a50_s1_r0,1368,0.007,"{""agents"": ""50"", ""comp_time"": ""7"", ""makespan"": ""53"", ""makespan_lb"": ""53"", ""map_file"": ""empty-32-32.map"", ""seed"": ""1"", ""soc"": ""1368"", ""soc_lb"": ""1160"", ""solved"": ""1"", ""solver"": ""planner"", ""sum_of_loss"": ""1246"", ""sum_of_loss_lb"": ""1160""}"
lg_lacam_fork:suo,LaCAM3 = SUO (first solution),empty-32-32,empty-32-32-random-5,50,0,30.0,solved,0.046748,0.018,1182,53,1182,1160,53,1.018966,0,,/home/carsten/Projects/MAPF/MAPF Evaluator/results/tlg-empty32/runs/lg_lacam_fork_suo/empty-32-32/empty-32-32-random-5_a50_s0_r0,1182,0.018,"{""agents"": ""50"", ""comp_time"": ""18"", ""makespan"": ""53"", ""makespan_lb"": ""53"", ""map_file"": ""empty-32-32.map"", ""seed"": ""0"", ""soc"": ""1182"", ""soc_lb"": ""1160"", ""solved"": ""1"", ""solver"": ""planner"", ""sum_of_loss"": ""1182"", ""sum_of_loss_lb"": ""1160""}"
lg_lacam_fork:suo,LaCAM3 = SUO (first solution),empty-32-32,empty-32-32-random-5,50,1,30.0,solved,0.020465,0.008,1200,53,1181,1160,53,1.034483,0,,/home/carsten/Projects/MAPF/MAPF Evaluator/results/tlg-empty32/runs/lg_lacam_fork_suo/empty-32-32/empty-32-32-random-5_a50_s1_r0,1200,0.008,"{""agents"": ""50"", ""comp_time"": ""8"", ""makespan"": ""53"", ""makespan_lb"": ""53"", ""map_file"": ""empty-32-32.map"", ""seed"": ""1"", ""soc"": ""1200"", ""soc_lb"": ""1160"", ""solved"": ""1"", ""solver"": ""planner"", ""sum_of_loss"": ""1182"", ""sum_of_loss_lb"": ""1160""}"
lg_lacam_fork:lg,"LG-LaCAM (window 20, first solution)",empty-32-32,empty-32-32-random-5,50,0,30.0,solved,0.107946,0.04,1168,53,1168,1160,53,1.006897,0,,/home/carsten/Projects/MAPF/MAPF Evaluator/results/tlg-empty32/runs/lg_lacam_fork_lg/empty-32-32/empty-32-32-random-5_a50_s0_r0,1168,0.04,"{""agents"": ""50"", ""comp_time"": ""40"", ""makespan"": ""53"", ""makespan_lb"": ""53"", ""map_file"": ""empty-32-32.map"", ""seed"": ""0"", ""soc"": ""1168"", ""soc_lb"": ""1160"", ""solved"": ""1"", ""solver"": ""planner"", ""sum_of_loss"": ""1168"", ""sum_of_loss_lb"": ""1160""}"
lg_lacam_fork:lg,"LG-LaCAM (window 20, first solution)",empty-32-32,empty-32-32-random-5,50,1,30.0,solved,0.058451,0.036,1168,53,1168,1160,53,1.006897,0,,/home/carsten/Projects/MAPF/MAPF Evaluator/results/tlg-empty32/runs/lg_lacam_fork_lg/empty-32-32/empty-32-32-random-5_a50_s1_r0,1168,0.036,"{""agents"": ""50"", ""comp_time"": ""36"", ""makespan"": ""53"", ""makespan_lb"": ""53"", ""map_file"": ""empty-32-32.map"", ""seed"": ""1"", ""soc"": ""1168"", ""soc_lb"": ""1160"", ""solved"": ""1"", ""solver"": ""planner"", ""sum_of_loss"": ""1168"", ""sum_of_loss_lb"": ""1160""}"
traffic_load_lacam:vanilla,py-LaCAM (vanilla),empty-32-32,empty-32-32-random-5,50,0,30.0,solved,0.505655,,1334,53,1208,1160,53,1.15,0,,/home/carsten/Projects/MAPF/MAPF Evaluator/results/tlg-empty32/runs/traffic_load_lacam_vanilla/empty-32-32/empty-32-32-random-5_a50_s0_r0,,,
traffic_load_lacam:vanilla,py-LaCAM (vanilla),empty-32-32,empty-32-32-random-5,50,1,30.0,solved,0.742601,,1417,53,1238,1160,53,1.221552,0,,/home/carsten/Projects/MAPF/MAPF Evaluator/results/tlg-empty32/runs/traffic_load_lacam_vanilla/empty-32-32/empty-32-32-random-5_a50_s1_r0,,,
traffic_load_lacam:tb_step,"py-LaCAM + load (tiebreak, per step)",empty-32-32,empty-32-32-random-5,50,0,30.0,solved,0.686266,,1349,53,1194,1160,53,1.162931,0,,/home/carsten/Projects/MAPF/MAPF Evaluator/results/tlg-empty32/runs/traffic_load_lacam_tb_step/empty-32-32/empty-32-32-random-5_a50_s0_r0,,,
traffic_load_lacam:tb_step,"py-LaCAM + load (tiebreak, per step)",empty-32-32,empty-32-32-random-5,50,1,30.0,solved,0.79328,,1376,53,1195,1160,53,1.186207,0,,/home/carsten/Projects/MAPF/MAPF Evaluator/results/tlg-empty32/runs/traffic_load_lacam_tb_step/empty-32-32/empty-32-32-random-5_a50_s1_r0,,,
traffic_load_lacam:pen01_step,"py-LaCAM + load (penalty 0.1, per step)",empty-32-32,empty-32-32-random-5,50,0,30.0,solved,0.853345,,1388,53,1194,1160,53,1.196552,0,,/home/carsten/Projects/MAPF/MAPF Evaluator/results/tlg-empty32/runs/traffic_load_lacam_pen01_step/empty-32-32/empty-32-32-random-5_a50_s0_r0,,,
traffic_load_lacam:pen01_step,"py-LaCAM + load (penalty 0.1, per step)",empty-32-32,empty-32-32-random-5,50,1,30.0,solved,0.54765,,1410,53,1196,1160,53,1.215517,0,,/home/carsten/Projects/MAPF/MAPF Evaluator/results/tlg-empty32/runs/traffic_load_lacam_pen01_step/empty-32-32/empty-32-32-random-5_a50_s1_r0,,,
lg_lacam_fork:lacam,"LaCAM (no guidance, first solution)",empty-32-32,empty-32-32-random-5,100,0,30.0,solved,0.096933,0.027,2908,53,2413,2134,53,1.362699,0,,/home/carsten/Projects/MAPF/MAPF Evaluator/results/tlg-empty32/runs/lg_lacam_fork_lacam/empty-32-32/empty-32-32-random-5_a100_s0_r0,2908,0.027,"{""agents"": ""100"", ""comp_time"": ""27"", ""makespan"": ""53"", ""makespan_lb"": ""53"", ""map_file"": ""empty-32-32.map"", ""seed"": ""0"", ""soc"": ""2908"", ""soc_lb"": ""2134"", ""solved"": ""1"", ""solver"": ""planner"", ""sum_of_loss"": ""2490"", ""sum_of_loss_lb"": ""2134""}"
lg_lacam_fork:lacam,"LaCAM (no guidance, first solution)",empty-32-32,empty-32-32-random-5,100,1,30.0,solved,0.035759,0.012,2868,53,2378,2134,53,1.343955,0,,/home/carsten/Projects/MAPF/MAPF Evaluator/results/tlg-empty32/runs/lg_lacam_fork_lacam/empty-32-32/empty-32-32-random-5_a100_s1_r0,2868,0.012,"{""agents"": ""100"", ""comp_time"": ""12"", ""makespan"": ""53"", ""makespan_lb"": ""53"", ""map_file"": ""empty-32-32.map"", ""seed"": ""1"", ""soc"": ""2868"", ""soc_lb"": ""2134"", ""solved"": ""1"", ""solver"": ""planner"", ""sum_of_loss"": ""2447"", ""sum_of_loss_lb"": ""2134""}"
lg_lacam_fork:lacam_noswap,"LaCAM (no guidance, no PIBT swap)",empty-32-32,empty-32-32-random-5,100,0,30.0,solved,0.026472,0.009,2908,53,2413,2134,53,1.362699,0,,/home/carsten/Projects/MAPF/MAPF Evaluator/results/tlg-empty32/runs/lg_lacam_fork_lacam_noswap/empty-32-32/empty-32-32-random-5_a100_s0_r0,2908,0.009,"{""agents"": ""100"", ""comp_time"": ""9"", ""makespan"": ""53"", ""makespan_lb"": ""53"", ""map_file"": ""empty-32-32.map"", ""seed"": ""0"", ""soc"": ""2908"", ""soc_lb"": ""2134"", ""solved"": ""1"", ""solver"": ""planner"", ""sum_of_loss"": ""2490"", ""sum_of_loss_lb"": ""2134""}"
lg_lacam_fork:lacam_noswap,"LaCAM (no guidance, no PIBT swap)",empty-32-32,empty-32-32-random-5,100,1,30.0,solved,0.043892,0.012,2868,53,2378,2134,53,1.343955,0,,/home/carsten/Projects/MAPF/MAPF Evaluator/results/tlg-empty32/runs/lg_lacam_fork_lacam_noswap/empty-32-32/empty-32-32-random-5_a100_s1_r0,2868,0.012,"{""agents"": ""100"", ""comp_time"": ""12"", ""makespan"": ""53"", ""makespan_lb"": ""53"", ""map_file"": ""empty-32-32.map"", ""seed"": ""1"", ""soc"": ""2868"", ""soc_lb"": ""2134"", ""solved"": ""1"", ""solver"": ""planner"", ""sum_of_loss"": ""2447"", ""sum_of_loss_lb"": ""2134""}"
lg_lacam_fork:suo,LaCAM3 = SUO (first solution),empty-32-32,empty-32-32-random-5,100,0,30.0,solved,0.069777,0.022,2295,53,2213,2134,53,1.075445,0,,/home/carsten/Projects/MAPF/MAPF Evaluator/results/tlg-empty32/runs/lg_lacam_fork_suo/empty-32-32/empty-32-32-random-5_a100_s0_r0,2295,0.022,"{""agents"": ""100"", ""comp_time"": ""22"", ""makespan"": ""53"", ""makespan_lb"": ""53"", ""map_file"": ""empty-32-32.map"", ""seed"": ""0"", ""soc"": ""2295"", ""soc_lb"": ""2134"", ""solved"": ""1"", ""solver"": ""planner"", ""sum_of_loss"": ""2221"", ""sum_of_loss_lb"": ""2134""}"
lg_lacam_fork:suo,LaCAM3 = SUO (first solution),empty-32-32,empty-32-32-random-5,100,1,30.0,solved,0.088745,0.033,2215,53,2189,2134,53,1.037957,0,,/home/carsten/Projects/MAPF/MAPF Evaluator/results/tlg-empty32/runs/lg_lacam_fork_suo/empty-32-32/empty-32-32-random-5_a100_s1_r0,2215,0.033,"{""agents"": ""100"", ""comp_time"": ""33"", ""makespan"": ""53"", ""makespan_lb"": ""53"", ""map_file"": ""empty-32-32.map"", ""seed"": ""1"", ""soc"": ""2215"", ""soc_lb"": ""2134"", ""solved"": ""1"", ""solver"": ""planner"", ""sum_of_loss"": ""2192"", ""sum_of_loss_lb"": ""2134""}"
lg_lacam_fork:lg,"LG-LaCAM (window 20, first solution)",empty-32-32,empty-32-32-random-5,100,0,30.0,solved,0.085625,0.03,2162,53,2162,2134,53,1.013121,0,,/home/carsten/Projects/MAPF/MAPF Evaluator/results/tlg-empty32/runs/lg_lacam_fork_lg/empty-32-32/empty-32-32-random-5_a100_s0_r0,2162,0.03,"{""agents"": ""100"", ""comp_time"": ""30"", ""makespan"": ""53"", ""makespan_lb"": ""53"", ""map_file"": ""empty-32-32.map"", ""seed"": ""0"", ""soc"": ""2162"", ""soc_lb"": ""2134"", ""solved"": ""1"", ""solver"": ""planner"", ""sum_of_loss"": ""2162"", ""sum_of_loss_lb"": ""2134""}"
lg_lacam_fork:lg,"LG-LaCAM (window 20, first solution)",empty-32-32,empty-32-32-random-5,100,1,30.0,solved,0.065432,0.041,2161,53,2161,2134,53,1.012652,0,,/home/carsten/Projects/MAPF/MAPF Evaluator/results/tlg-empty32/runs/lg_lacam_fork_lg/empty-32-32/empty-32-32-random-5_a100_s1_r0,2161,0.041,"{""agents"": ""100"", ""comp_time"": ""41"", ""makespan"": ""53"", ""makespan_lb"": ""53"", ""map_file"": ""empty-32-32.map"", ""seed"": ""1"", ""soc"": ""2161"", ""soc_lb"": ""2134"", ""solved"": ""1"", ""solver"": ""planner"", ""sum_of_loss"": ""2161"", ""sum_of_loss_lb"": ""2134""}"
traffic_load_lacam:vanilla,py-LaCAM (vanilla),empty-32-32,empty-32-32-random-5,100,0,30.0,solved,0.514481,,2955,53,2368,2134,53,1.384724,0,,/home/carsten/Projects/MAPF/MAPF Evaluator/results/tlg-empty32/runs/traffic_load_lacam_vanilla/empty-32-32/empty-32-32-random-5_a100_s0_r0,,,
traffic_load_lacam:vanilla,py-LaCAM (vanilla),empty-32-32,empty-32-32-random-5,100,1,30.0,solved,0.692716,,2937,54,2388,2134,53,1.376289,0,,/home/carsten/Projects/MAPF/MAPF Evaluator/results/tlg-empty32/runs/traffic_load_lacam_vanilla/empty-32-32/empty-32-32-random-5_a100_s1_r0,,,
traffic_load_lacam:tb_step,"py-LaCAM + load (tiebreak, per step)",empty-32-32,empty-32-32-random-5,100,0,30.0,solved,1.082459,,2690,53,2260,2134,53,1.260544,0,,/home/carsten/Projects/MAPF/MAPF Evaluator/results/tlg-empty32/runs/traffic_load_lacam_tb_step/empty-32-32/empty-32-32-random-5_a100_s0_r0,,,
traffic_load_lacam:tb_step,"py-LaCAM + load (tiebreak, per step)",empty-32-32,empty-32-32-random-5,100,1,30.0,solved,0.932141,,2791,53,2269,2134,53,1.307873,0,,/home/carsten/Projects/MAPF/MAPF Evaluator/results/tlg-empty32/runs/traffic_load_lacam_tb_step/empty-32-32/empty-32-32-random-5_a100_s1_r0,,,
traffic_load_lacam:pen01_step,"py-LaCAM + load (penalty 0.1, per step)",empty-32-32,empty-32-32-random-5,100,0,30.0,solved,1.00852,,2690,53,2260,2134,53,1.260544,0,,/home/carsten/Projects/MAPF/MAPF Evaluator/results/tlg-empty32/runs/traffic_load_lacam_pen01_step/empty-32-32/empty-32-32-random-5_a100_s0_r0,,,
lg_lacam_fork:lacam,"LaCAM (no guidance, first solution)",empty-32-32,empty-32-32-random-5,150,0,30.0,solved,0.114771,0.03,4672,55,3644,3053,53,1.530298,0,,/home/carsten/Projects/MAPF/MAPF Evaluator/results/tlg-empty32/runs/lg_lacam_fork_lacam/empty-32-32/empty-32-32-random-5_a150_s0_r0,4672,0.03,"{""agents"": ""150"", ""comp_time"": ""30"", ""makespan"": ""55"", ""makespan_lb"": ""53"", ""map_file"": ""empty-32-32.map"", ""seed"": ""0"", ""soc"": ""4672"", ""soc_lb"": ""3053"", ""solved"": ""1"", ""solver"": ""planner"", ""sum_of_loss"": ""3794"", ""sum_of_loss_lb"": ""3053""}"
traffic_load_lacam:pen01_step,"py-LaCAM + load (penalty 0.1, per step)",empty-32-32,empty-32-32-random-5,100,1,30.0,solved,1.070971,,2791,53,2269,2134,53,1.307873,0,,/home/carsten/Projects/MAPF/MAPF Evaluator/results/tlg-empty32/runs/traffic_load_lacam_pen01_step/empty-32-32/empty-32-32-random-5_a100_s1_r0,,,
lg_lacam_fork:lacam,"LaCAM (no guidance, first solution)",empty-32-32,empty-32-32-random-5,150,1,30.0,solved,0.135775,0.029,4586,53,3614,3053,53,1.502129,0,,/home/carsten/Projects/MAPF/MAPF Evaluator/results/tlg-empty32/runs/lg_lacam_fork_lacam/empty-32-32/empty-32-32-random-5_a150_s1_r0,4586,0.029,"{""agents"": ""150"", ""comp_time"": ""29"", ""makespan"": ""53"", ""makespan_lb"": ""53"", ""map_file"": ""empty-32-32.map"", ""seed"": ""1"", ""soc"": ""4586"", ""soc_lb"": ""3053"", ""solved"": ""1"", ""solver"": ""planner"", ""sum_of_loss"": ""3748"", ""sum_of_loss_lb"": ""3053""}"
lg_lacam_fork:lacam_noswap,"LaCAM (no guidance, no PIBT swap)",empty-32-32,empty-32-32-random-5,150,0,30.0,solved,0.048059,0.009,4672,55,3644,3053,53,1.530298,0,,/home/carsten/Projects/MAPF/MAPF Evaluator/results/tlg-empty32/runs/lg_lacam_fork_lacam_noswap/empty-32-32/empty-32-32-random-5_a150_s0_r0,4672,0.009,"{""agents"": ""150"", ""comp_time"": ""9"", ""makespan"": ""55"", ""makespan_lb"": ""53"", ""map_file"": ""empty-32-32.map"", ""seed"": ""0"", ""soc"": ""4672"", ""soc_lb"": ""3053"", ""solved"": ""1"", ""solver"": ""planner"", ""sum_of_loss"": ""3794"", ""sum_of_loss_lb"": ""3053""}"
lg_lacam_fork:lacam_noswap,"LaCAM (no guidance, no PIBT swap)",empty-32-32,empty-32-32-random-5,150,1,30.0,solved,0.109945,0.02,4586,53,3614,3053,53,1.502129,0,,/home/carsten/Projects/MAPF/MAPF Evaluator/results/tlg-empty32/runs/lg_lacam_fork_lacam_noswap/empty-32-32/empty-32-32-random-5_a150_s1_r0,4586,0.02,"{""agents"": ""150"", ""comp_time"": ""20"", ""makespan"": ""53"", ""makespan_lb"": ""53"", ""map_file"": ""empty-32-32.map"", ""seed"": ""1"", ""soc"": ""4586"", ""soc_lb"": ""3053"", ""solved"": ""1"", ""solver"": ""planner"", ""sum_of_loss"": ""3748"", ""sum_of_loss_lb"": ""3053""}"
lg_lacam_fork:suo,LaCAM3 = SUO (first solution),empty-32-32,empty-32-32-random-5,150,0,30.0,solved,0.141218,0.038,3257,53,3221,3053,53,1.06682,0,,/home/carsten/Projects/MAPF/MAPF Evaluator/results/tlg-empty32/runs/lg_lacam_fork_suo/empty-32-32/empty-32-32-random-5_a150_s0_r0,3257,0.038,"{""agents"": ""150"", ""comp_time"": ""38"", ""makespan"": ""53"", ""makespan_lb"": ""53"", ""map_file"": ""empty-32-32.map"", ""seed"": ""0"", ""soc"": ""3257"", ""soc_lb"": ""3053"", ""solved"": ""1"", ""solver"": ""planner"", ""sum_of_loss"": ""3225"", ""sum_of_loss_lb"": ""3053""}"
lg_lacam_fork:suo,LaCAM3 = SUO (first solution),empty-32-32,empty-32-32-random-5,150,1,30.0,solved,0.117686,0.036,3559,53,3265,3053,53,1.165739,0,,/home/carsten/Projects/MAPF/MAPF Evaluator/results/tlg-empty32/runs/lg_lacam_fork_suo/empty-32-32/empty-32-32-random-5_a150_s1_r0,3559,0.036,"{""agents"": ""150"", ""comp_time"": ""36"", ""makespan"": ""53"", ""makespan_lb"": ""53"", ""map_file"": ""empty-32-32.map"", ""seed"": ""1"", ""soc"": ""3559"", ""soc_lb"": ""3053"", ""solved"": ""1"", ""solver"": ""planner"", ""sum_of_loss"": ""3294"", ""sum_of_loss_lb"": ""3053""}"
lg_lacam_fork:lg,"LG-LaCAM (window 20, first solution)",empty-32-32,empty-32-32-random-5,150,1,30.0,solved,0.116883,0.045,3152,53,3126,3053,53,1.032427,0,,/home/carsten/Projects/MAPF/MAPF Evaluator/results/tlg-empty32/runs/lg_lacam_fork_lg/empty-32-32/empty-32-32-random-5_a150_s1_r0,3152,0.045,"{""agents"": ""150"", ""comp_time"": ""45"", ""makespan"": ""53"", ""makespan_lb"": ""53"", ""map_file"": ""empty-32-32.map"", ""seed"": ""1"", ""soc"": ""3152"", ""soc_lb"": ""3053"", ""solved"": ""1"", ""solver"": ""planner"", ""sum_of_loss"": ""3129"", ""sum_of_loss_lb"": ""3053""}"
lg_lacam_fork:lg,"LG-LaCAM (window 20, first solution)",empty-32-32,empty-32-32-random-5,150,0,30.0,solved,0.263383,0.147,3203,53,3130,3053,53,1.049132,0,,/home/carsten/Projects/MAPF/MAPF Evaluator/results/tlg-empty32/runs/lg_lacam_fork_lg/empty-32-32/empty-32-32-random-5_a150_s0_r0,3203,0.147,"{""agents"": ""150"", ""comp_time"": ""147"", ""makespan"": ""53"", ""makespan_lb"": ""53"", ""map_file"": ""empty-32-32.map"", ""seed"": ""0"", ""soc"": ""3203"", ""soc_lb"": ""3053"", ""solved"": ""1"", ""solver"": ""planner"", ""sum_of_loss"": ""3136"", ""sum_of_loss_lb"": ""3053""}"
traffic_load_lacam:vanilla,py-LaCAM (vanilla),empty-32-32,empty-32-32-random-5,150,0,30.0,solved,0.680078,,4393,54,3633,3053,53,1.438913,0,,/home/carsten/Projects/MAPF/MAPF Evaluator/results/tlg-empty32/runs/traffic_load_lacam_vanilla/empty-32-32/empty-32-32-random-5_a150_s0_r0,,,
traffic_load_lacam:vanilla,py-LaCAM (vanilla),empty-32-32,empty-32-32-random-5,150,1,30.0,solved,0.701542,,4686,54,3651,3053,53,1.534884,0,,/home/carsten/Projects/MAPF/MAPF Evaluator/results/tlg-empty32/runs/traffic_load_lacam_vanilla/empty-32-32/empty-32-32-random-5_a150_s1_r0,,,
traffic_load_lacam:tb_step,"py-LaCAM + load (tiebreak, per step)",empty-32-32,empty-32-32-random-5,150,0,30.0,solved,1.713363,,4260,53,3387,3053,53,1.395349,0,,/home/carsten/Projects/MAPF/MAPF Evaluator/results/tlg-empty32/runs/traffic_load_lacam_tb_step/empty-32-32/empty-32-32-random-5_a150_s0_r0,,,
traffic_load_lacam:tb_step,"py-LaCAM + load (tiebreak, per step)",empty-32-32,empty-32-32-random-5,150,1,30.0,solved,1.659996,,4309,53,3381,3053,53,1.411399,0,,/home/carsten/Projects/MAPF/MAPF Evaluator/results/tlg-empty32/runs/traffic_load_lacam_tb_step/empty-32-32/empty-32-32-random-5_a150_s1_r0,,,
traffic_load_lacam:pen01_step,"py-LaCAM + load (penalty 0.1, per step)",empty-32-32,empty-32-32-random-5,150,0,30.0,solved,1.560501,,4281,53,3388,3053,53,1.402227,0,,/home/carsten/Projects/MAPF/MAPF Evaluator/results/tlg-empty32/runs/traffic_load_lacam_pen01_step/empty-32-32/empty-32-32-random-5_a150_s0_r0,,,
traffic_load_lacam:pen01_step,"py-LaCAM + load (penalty 0.1, per step)",empty-32-32,empty-32-32-random-5,150,1,30.0,solved,1.656659,,4309,53,3381,3053,53,1.411399,0,,/home/carsten/Projects/MAPF/MAPF Evaluator/results/tlg-empty32/runs/traffic_load_lacam_pen01_step/empty-32-32/empty-32-32-random-5_a150_s1_r0,,,
